Page,Section,Component,Usage,Image Path,Image Source Type,Viewport,Device Pixel Ratio,Measurement Basis,Full Component Width,Full Component Height,Image Viewport Width,Image Viewport Height,Display Aspect Ratio,Natural Width,Natural Height,Source Aspect Ratio,Current File Size Bytes,Object Fit,Object Position,Overflow,Border Radius,Opacity / Overlay,Cover Scale,Rendered Width,Rendered Height,Overflow CSS Pixels,Crop Direction,Visible Percentage,Crop Percentage,Crop Per Side,Recommended Width,Recommended Height,Recommended Aspect Ratio,Safe Area Horizontal,Safe Area Vertical,Text Overlay Position,Text-free Side EN,Text-free Side AR,Recommended Format,Recommended Max File Size,Notes
About,Hero,AboutHero,Background,/site-images/about/hero-section/background.png,Local,Desktop 1440x900,1,Browser measured,1425,954.53,1425,954.53,1.4929,1717,916,1.8745,1673560,background (cover),50% 50%,hidden,0px,Base image; content overlays,1.0421,1789.22,954.53,364.22 horizontal,Left and right,79.64%,20.36%,10.18% left + 10.18% right,2000,2500,4:5,25%-75%,20%-80%,None,left/right should remain quiet,left/right should remain quiet,WebP,450 KB,Very severe mobile horizontal crop
About,Hero,AboutHero,Background,/site-images/about/hero-section/background.png,Local,Laptop 1280x800,1,Browser measured,1265,945.73,1265,945.73,1.3376,1717,916,1.8745,1673560,background (cover),50% 50%,hidden,0px,Base image; content overlays,1.0325,1772.73,945.73,507.73 horizontal,Left and right,71.36%,28.64%,14.32% left + 14.32% right,2000,2500,4:5,25%-75%,20%-80%,None,left/right should remain quiet,left/right should remain quiet,WebP,450 KB,Very severe mobile horizontal crop
About,Hero,AboutHero,Background,/site-images/about/hero-section/background.png,Local,Tablet 768x1024,1,Browser measured,753,1145.92,753,1145.92,0.6571,1717,916,1.8745,1673560,background (cover),50% 50%,hidden,0px,Base image; content overlays,1.2510,2147.97,1145.92,1394.97 horizontal,Left and right,35.06%,64.94%,32.47% left + 32.47% right,2000,2500,4:5,25%-75%,20%-80%,None,left/right should remain quiet,left/right should remain quiet,WebP,450 KB,Very severe mobile horizontal crop
About,Hero,AboutHero,Background,/site-images/about/hero-section/background.png,Local,Mobile 390x844,1,Browser measured,375,1100.06,375,1100.06,0.3409,1717,916,1.8745,1673560,background (cover),50% 50%,hidden,0px,Base image; content overlays,1.2009,2062.01,1100.06,1687.01 horizontal,Left and right,18.19%,81.81%,40.91% left + 40.91% right,2000,2500,4:5,25%-75%,20%-80%,None,left/right should remain quiet,left/right should remain quiet,WebP,450 KB,Very severe mobile horizontal crop
About,Hero,AboutHeroPortrait,Foreground portrait,/site-images/about/hero-section/roastery.png,Local,Desktop 1440x900,1,Browser measured,549.11,732.14,547.11,730.14,0.7493,1024,1536,0.6667,1812504,cover,50% 50%,hidden,24px,,0.5343,547.11,820.66,90.52 vertical,Top and bottom,88.97%,11.03%,5.52% top + 5.52% bottom,1200,1600,3:4,10%-90%,10%-90%,None,None,None,WebP,220 KB,3:4 viewport
About,Hero,AboutHeroPortrait,Foreground portrait,/site-images/about/hero-section/roastery.png,Local,Laptop 1280x800,1,Browser measured,542.52,723.34,540.52,721.34,0.7493,1024,1536,0.6667,1812504,cover,50% 50%,hidden,24px,,0.5279,540.52,810.78,89.44 vertical,Top and bottom,88.97%,11.03%,5.52% top + 5.52% bottom,1200,1600,3:4,10%-90%,10%-90%,None,None,None,WebP,220 KB,3:4 viewport
About,Hero,AboutHeroPortrait,Foreground portrait,/site-images/about/hero-section/roastery.png,Local,Tablet 768x1024,1,Browser measured,384,512,382,510,0.7490,1024,1536,0.6667,1812504,cover,50% 50%,hidden,24px,,0.3730,382.00,573.00,63.00 vertical,Top and bottom,89.01%,10.99%,5.50% top + 5.50% bottom,1200,1600,3:4,10%-90%,10%-90%,None,None,None,WebP,220 KB,3:4 viewport
About,Hero,AboutHeroPortrait,Foreground portrait,/site-images/about/hero-section/roastery.png,Local,Mobile 390x844,1,Browser measured,343,457.33,341,455.33,0.7489,1024,1536,0.6667,1812504,cover,50% 50%,hidden,24px,,0.3330,341.00,511.50,56.17 vertical,Top and bottom,89.02%,10.98%,5.49% top + 5.49% bottom,1200,1600,3:4,10%-90%,10%-90%,None,None,None,WebP,220 KB,3:4 viewport
About,Quote CTA,QuoteCta,Background,/site-images/about/quote-cta-section/background.png,Local,Desktop 1440x900,1,Browser measured,1425,810.59,1425,810.59,1.7580,1024,1536,0.6667,1812504,background (cover),50% 50%,hidden,0px,Live quote/buttons over image,1.3916,1425.00,2137.50,1326.91 vertical,Top and bottom,37.92%,62.08%,31.04% top + 31.04% bottom,2400,1000,12:5,25%-75%,20%-80%,Live quote/buttons over image,keep both sides quiet,keep both sides quiet,WebP,350 KB,Crop direction changes by viewport
About,Quote CTA,QuoteCta,Background,/site-images/about/quote-cta-section/background.png,Local,Laptop 1280x800,1,Browser measured,1265,810.59,1265,810.59,1.5606,1024,1536,0.6667,1812504,background (cover),50% 50%,hidden,0px,Live quote/buttons over image,1.2354,1265.00,1897.50,1086.91 vertical,Top and bottom,42.72%,57.28%,28.64% top + 28.64% bottom,2400,1000,12:5,25%-75%,20%-80%,Live quote/buttons over image,keep both sides quiet,keep both sides quiet,WebP,350 KB,Crop direction changes by viewport
About,Quote CTA,QuoteCta,Background,/site-images/about/quote-cta-section/background.png,Local,Tablet 768x1024,1,Browser measured,753,810.59,753,810.59,0.9290,1024,1536,0.6667,1812504,background (cover),50% 50%,hidden,0px,Live quote/buttons over image,0.7354,753.00,1129.50,318.91 vertical,Top and bottom,71.77%,28.23%,14.12% top + 14.12% bottom,2400,1000,12:5,25%-75%,20%-80%,Live quote/buttons over image,keep both sides quiet,keep both sides quiet,WebP,350 KB,Crop direction changes by viewport
About,Quote CTA,QuoteCta,Background,/site-images/about/quote-cta-section/background.png,Local,Mobile 390x844,1,Browser measured,375,874.56,375,874.56,0.4288,1024,1536,0.6667,1812504,background (cover),50% 50%,hidden,0px,Live quote/buttons over image,0.5694,583.04,874.56,208.04 horizontal,Left and right,64.32%,35.68%,17.84% left + 17.84% right,2400,1000,12:5,25%-75%,20%-80%,Live quote/buttons over image,keep both sides quiet,keep both sides quiet,WebP,350 KB,Crop direction changes by viewport
About,Sourcing,SourcingImage,Section image,/site-images/about/sourcing-section/coffee-beans.png,Local,Desktop 1440x900,1,Browser measured,549.11,686.38,547.11,684.38,0.7994,1717,916,1.8745,1673560,cover,50% 50%,hidden,24px,,0.7471,1282.84,684.38,735.73 horizontal,Left and right,42.65%,57.35%,28.68% left + 28.68% right,1200,1600,3:4,10%-90%,10%-90%,None,None,None,WebP,220 KB,Only 42.68% of wide source remains in 4:5
About,Sourcing,SourcingImage,Section image,/site-images/about/sourcing-section/coffee-beans.png,Local,Laptop 1280x800,1,Browser measured,542.52,678.14,540.52,676.14,0.7994,1717,916,1.8745,1673560,cover,50% 50%,hidden,24px,,0.7381,1267.39,676.14,726.87 horizontal,Left and right,42.65%,57.35%,28.68% left + 28.68% right,1200,1600,3:4,10%-90%,10%-90%,None,None,None,WebP,220 KB,Only 42.68% of wide source remains in 4:5
About,Sourcing,SourcingImage,Section image,/site-images/about/sourcing-section/coffee-beans.png,Local,Tablet 768x1024,1,Browser measured,384,480,382,478,0.7992,1717,916,1.8745,1673560,cover,50% 50%,hidden,24px,,0.5218,895.99,478.00,513.99 horizontal,Left and right,42.63%,57.37%,28.68% left + 28.68% right,1200,1600,3:4,10%-90%,10%-90%,None,None,None,WebP,220 KB,Only 42.68% of wide source remains in 4:5
About,Sourcing,SourcingImage,Section image,/site-images/about/sourcing-section/coffee-beans.png,Local,Mobile 390x844,1,Browser measured,343,428.75,341,426.75,0.7991,1717,916,1.8745,1673560,cover,50% 50%,hidden,24px,,0.4659,799.92,426.75,458.92 horizontal,Left and right,42.63%,57.37%,28.69% left + 28.69% right,1200,1600,3:4,10%-90%,10%-90%,None,None,None,WebP,220 KB,Only 42.68% of wide source remains in 4:5
Admin,Dashboard,WelcomeHero,Protected background,/site-images/admin/dashboard/welcome-background.png,Local,Desktop 1440x900,1,Code-defined / not rendered,,,,,,1024,1536,0.6667,1812504,cover,50% 50%,hidden,24px,0.45 plus dark gradient,,,,,,,,,2000,1600,5:4,25%-75%,25%-75%,None,N/A,N/A,WebP,250 KB,Code-defined min-height 180px; auth protected
Admin,Dashboard,WelcomeHero,Protected background,/site-images/admin/dashboard/welcome-background.png,Local,Laptop 1280x800,1,Code-defined / not rendered,,,,,,1024,1536,0.6667,1812504,cover,50% 50%,hidden,24px,0.45 plus dark gradient,,,,,,,,,2000,1600,5:4,25%-75%,25%-75%,None,N/A,N/A,WebP,250 KB,Code-defined min-height 180px; auth protected
Admin,Dashboard,WelcomeHero,Protected background,/site-images/admin/dashboard/welcome-background.png,Local,Tablet 768x1024,1,Code-defined / not rendered,,,,,,1024,1536,0.6667,1812504,cover,50% 50%,hidden,24px,0.45 plus dark gradient,,,,,,,,,2000,1600,5:4,25%-75%,25%-75%,None,N/A,N/A,WebP,250 KB,Code-defined min-height 180px; auth protected
Admin,Dashboard,WelcomeHero,Protected background,/site-images/admin/dashboard/welcome-background.png,Local,Mobile 390x844,1,Code-defined / not rendered,,,,,,1024,1536,0.6667,1812504,cover,50% 50%,hidden,24px,0.45 plus dark gradient,,,,,,,,,2000,1600,5:4,25%-75%,25%-75%,None,N/A,N/A,WebP,250 KB,Code-defined min-height 180px; auth protected
Admin,Sidebar,AdminSidebar,Thumbnail,/site-images/admin/sidebar/roastery-thumbnail.png,Local,Desktop 1440x900,1,Browser measured,56,56,56,56,1.0000,1024,1536,0.6667,1812504,cover,50% 50%,hidden,12px,,0.0547,56.00,84.00,28.00 vertical,Top and bottom,66.67%,33.33%,16.67% top + 16.67% bottom,512,512,1:1,15%-85%,15%-85%,None,N/A,N/A,WebP,60 KB,Fixed 56x56 from code; protected
Admin,Sidebar,AdminSidebar,Thumbnail,/site-images/admin/sidebar/roastery-thumbnail.png,Local,Laptop 1280x800,1,Browser measured,56,56,56,56,1.0000,1024,1536,0.6667,1812504,cover,50% 50%,hidden,12px,,0.0547,56.00,84.00,28.00 vertical,Top and bottom,66.67%,33.33%,16.67% top + 16.67% bottom,512,512,1:1,15%-85%,15%-85%,None,N/A,N/A,WebP,60 KB,Fixed 56x56 from code; protected
Admin,Sidebar,AdminSidebar,Thumbnail,/site-images/admin/sidebar/roastery-thumbnail.png,Local,Tablet 768x1024,1,Browser measured,56,56,56,56,1.0000,1024,1536,0.6667,1812504,cover,50% 50%,hidden,12px,,0.0547,56.00,84.00,28.00 vertical,Top and bottom,66.67%,33.33%,16.67% top + 16.67% bottom,512,512,1:1,15%-85%,15%-85%,None,N/A,N/A,WebP,60 KB,Fixed 56x56 from code; protected
Admin,Sidebar,AdminSidebar,Thumbnail,/site-images/admin/sidebar/roastery-thumbnail.png,Local,Mobile 390x844,1,Browser measured,56,56,56,56,1.0000,1024,1536,0.6667,1812504,cover,50% 50%,hidden,12px,,0.0547,56.00,84.00,28.00 vertical,Top and bottom,66.67%,33.33%,16.67% top + 16.67% bottom,512,512,1:1,15%-85%,15%-85%,None,N/A,N/A,WebP,60 KB,Fixed 56x56 from code; protected
Blog,Article cards,BlogCard,Fallback image,/site-images/blog/article-fallbacks/default.png,Local,Desktop 1440x900,1,Browser measured,402.66,435.17,400.66,208,1.9263,1024,1536,0.6667,1812504,cover,50% 50%,hidden,20px,,0.3913,400.66,600.99,392.99 vertical,Top and bottom,34.61%,65.39%,32.70% top + 32.70% bottom,1600,900,16:9,20%-80%,20%-80%,None,None,None,WebP,220 KB,Fallback was not triggered by current live rows
Blog,Article cards,BlogCard,Fallback image,/site-images/blog/article-fallbacks/default.png,Local,Laptop 1280x800,1,Browser measured,397.66,435.17,395.66,208,1.9022,1024,1536,0.6667,1812504,cover,50% 50%,hidden,20px,,0.3864,395.66,593.49,385.49 vertical,Top and bottom,35.05%,64.95%,32.48% top + 32.48% bottom,1600,900,16:9,20%-80%,20%-80%,None,None,None,WebP,220 KB,Fallback was not triggered by current live rows
Blog,Article cards,BlogCard,Fallback image,/site-images/blog/article-fallbacks/default.png,Local,Tablet 768x1024,1,Browser measured,350.5,435.17,348.5,208,1.6755,1024,1536,0.6667,1812504,cover,50% 50%,hidden,20px,,0.3403,348.50,522.75,314.75 vertical,Top and bottom,39.79%,60.21%,30.11% top + 30.11% bottom,1600,900,16:9,20%-80%,20%-80%,None,None,None,WebP,220 KB,Fallback was not triggered by current live rows
Blog,Article cards,BlogCard,Fallback image,/site-images/blog/article-fallbacks/default.png,Local,Mobile 390x844,1,Browser measured,343,435.17,341,208,1.6394,1024,1536,0.6667,1812504,cover,50% 50%,hidden,20px,,0.3330,341.00,511.50,303.50 vertical,Top and bottom,40.66%,59.34%,29.67% top + 29.67% bottom,1600,900,16:9,20%-80%,20%-80%,None,None,None,WebP,220 KB,Fallback was not triggered by current live rows
Blog,Listing hero,BlogHero,Background,/site-images/blog/hero-section/background.png,Local,Desktop 1440x900,1,Browser measured,1425,341.64,1425,341.64,4.1711,1024,1536,0.6667,1812504,background (cover),50% 50%,hidden,0px,Live title over image,1.3916,1425.00,2137.50,1795.86 vertical,Top and bottom,15.98%,84.02%,42.01% top + 42.01% bottom,2400,1000,12:5,25%-75%,20%-80%,Live title over image,both sides quiet,both sides quiet,WebP,350 KB,Portrait source in very wide viewport
Blog,Listing hero,BlogHero,Background,/site-images/blog/hero-section/background.png,Local,Laptop 1280x800,1,Browser measured,1265,341.64,1265,341.64,3.7027,1024,1536,0.6667,1812504,background (cover),50% 50%,hidden,0px,Live title over image,1.2354,1265.00,1897.50,1555.86 vertical,Top and bottom,18.00%,82.00%,41.00% top + 41.00% bottom,2400,1000,12:5,25%-75%,20%-80%,Live title over image,both sides quiet,both sides quiet,WebP,350 KB,Portrait source in very wide viewport
Blog,Listing hero,BlogHero,Background,/site-images/blog/hero-section/background.png,Local,Tablet 768x1024,1,Browser measured,753,341.64,753,341.64,2.2041,1024,1536,0.6667,1812504,background (cover),50% 50%,hidden,0px,Live title over image,0.7354,753.00,1129.50,787.86 vertical,Top and bottom,30.25%,69.75%,34.88% top + 34.88% bottom,2400,1000,12:5,25%-75%,20%-80%,Live title over image,both sides quiet,both sides quiet,WebP,350 KB,Portrait source in very wide viewport
Blog,Listing hero,BlogHero,Background,/site-images/blog/hero-section/background.png,Local,Mobile 390x844,1,Browser measured,375,309.64,375,309.64,1.2111,1024,1536,0.6667,1812504,background (cover),50% 50%,hidden,0px,Live title over image,0.3662,375.00,562.50,252.86 vertical,Top and bottom,55.05%,44.95%,22.48% top + 22.48% bottom,2400,1000,12:5,25%-75%,20%-80%,Live title over image,both sides quiet,both sides quiet,WebP,350 KB,Portrait source in very wide viewport
Contact,Hero,ContactHero,Background,/site-images/contact/hero-section/background.png,Local,Desktop 1440x900,1,Browser measured,1425,325.39,1425,325.39,4.3794,1024,1536,0.6667,1812504,background (cover),50% 50%,hidden,0px,Live title over image,1.3916,1425.00,2137.50,1812.11 vertical,Top and bottom,15.22%,84.78%,42.39% top + 42.39% bottom,2400,1000,12:5,25%-75%,20%-80%,Live title over image,both sides quiet,both sides quiet,WebP,350 KB,Desktop retains only 15.22% of source height
Contact,Hero,ContactHero,Background,/site-images/contact/hero-section/background.png,Local,Laptop 1280x800,1,Browser measured,1265,325.39,1265,325.39,3.8876,1024,1536,0.6667,1812504,background (cover),50% 50%,hidden,0px,Live title over image,1.2354,1265.00,1897.50,1572.11 vertical,Top and bottom,17.15%,82.85%,41.43% top + 41.43% bottom,2400,1000,12:5,25%-75%,20%-80%,Live title over image,both sides quiet,both sides quiet,WebP,350 KB,Desktop retains only 15.22% of source height
Contact,Hero,ContactHero,Background,/site-images/contact/hero-section/background.png,Local,Tablet 768x1024,1,Browser measured,753,294.39,753,294.39,2.5578,1024,1536,0.6667,1812504,background (cover),50% 50%,hidden,0px,Live title over image,0.7354,753.00,1129.50,835.11 vertical,Top and bottom,26.06%,73.94%,36.97% top + 36.97% bottom,2400,1000,12:5,25%-75%,20%-80%,Live title over image,both sides quiet,both sides quiet,WebP,350 KB,Desktop retains only 15.22% of source height
Contact,Hero,ContactHero,Background,/site-images/contact/hero-section/background.png,Local,Mobile 390x844,1,Browser measured,375,275.39,375,275.39,1.3617,1024,1536,0.6667,1812504,background (cover),50% 50%,hidden,0px,Live title over image,0.3662,375.00,562.50,287.11 vertical,Top and bottom,48.96%,51.04%,25.52% top + 25.52% bottom,2400,1000,12:5,25%-75%,20%-80%,Live title over image,both sides quiet,both sides quiet,WebP,350 KB,Desktop retains only 15.22% of source height
Home,Best Sellers,BestSellersSection,Decorative background,/site-images/home/background-decoration/best-sellers-section.png,Local,Desktop 1440x900,1,Browser measured,1425,480.77,1425,480.77,2.9640,1024,1536,0.6667,1812504,background (cover),50% 50%,hidden,0px,0.16,1.3916,1425.00,2137.50,1656.73 vertical,Top and bottom,22.49%,77.51%,38.75% top + 38.75% bottom,2000,1600,5:4,25%-75%,25%-75%,None,N/A,N/A,WebP,250 KB,Product cards load dynamically
Home,Best Sellers,BestSellersSection,Decorative background,/site-images/home/background-decoration/best-sellers-section.png,Local,Laptop 1280x800,1,Browser measured,1265,480.77,1265,480.77,2.6312,1024,1536,0.6667,1812504,background (cover),50% 50%,hidden,0px,0.16,1.2354,1265.00,1897.50,1416.73 vertical,Top and bottom,25.34%,74.66%,37.33% top + 37.33% bottom,2000,1600,5:4,25%-75%,25%-75%,None,N/A,N/A,WebP,250 KB,Product cards load dynamically
Home,Best Sellers,BestSellersSection,Decorative background,/site-images/home/background-decoration/best-sellers-section.png,Local,Tablet 768x1024,1,Browser measured,753,480.77,753,480.77,1.5662,1024,1536,0.6667,1812504,background (cover),50% 50%,hidden,0px,0.16,0.7354,753.00,1129.50,648.73 vertical,Top and bottom,42.56%,57.44%,28.72% top + 28.72% bottom,2000,1600,5:4,25%-75%,25%-75%,None,N/A,N/A,WebP,250 KB,Product cards load dynamically
Home,Best Sellers,BestSellersSection,Decorative background,/site-images/home/background-decoration/best-sellers-section.png,Local,Mobile 390x844,1,Browser measured,375,398.97,375,398.97,0.9399,1024,1536,0.6667,1812504,background (cover),50% 50%,hidden,0px,0.16,0.3662,375.00,562.50,163.53 vertical,Top and bottom,70.93%,29.07%,14.54% top + 14.54% bottom,2000,1600,5:4,25%-75%,25%-75%,None,N/A,N/A,WebP,250 KB,Product cards load dynamically
Home,Categories,CategoriesSection,Decorative background,/site-images/home/background-decoration/categories-section.png,Local,Desktop 1440x900,1,Browser measured,1425,690.61,1425,690.61,2.0634,1717,916,1.8745,1673560,background (cover),50% 50%,hidden,0px,0.08,0.8299,1425.00,760.22,69.61 vertical,Top and bottom,90.84%,9.16%,4.58% top + 4.58% bottom,2000,1600,5:4,25%-75%,25%-75%,None,N/A,N/A,WebP,250 KB,No critical content near edges
Home,Categories,CategoriesSection,Decorative background,/site-images/home/background-decoration/categories-section.png,Local,Laptop 1280x800,1,Browser measured,1265,690.61,1265,690.61,1.8317,1717,916,1.8745,1673560,background (cover),50% 50%,hidden,0px,0.08,0.7539,1294.52,690.61,29.52 horizontal,Left and right,97.72%,2.28%,1.14% left + 1.14% right,2000,1600,5:4,25%-75%,25%-75%,None,N/A,N/A,WebP,250 KB,No critical content near edges
Home,Categories,CategoriesSection,Decorative background,/site-images/home/background-decoration/categories-section.png,Local,Tablet 768x1024,1,Browser measured,753,669.28,753,669.28,1.1251,1717,916,1.8745,1673560,background (cover),50% 50%,hidden,0px,0.08,0.7307,1254.53,669.28,501.53 horizontal,Left and right,60.02%,39.98%,19.99% left + 19.99% right,2000,1600,5:4,25%-75%,25%-75%,None,N/A,N/A,WebP,250 KB,No critical content near edges
Home,Categories,CategoriesSection,Decorative background,/site-images/home/background-decoration/categories-section.png,Local,Mobile 390x844,1,Browser measured,375,520.81,375,520.81,0.7200,1717,916,1.8745,1673560,background (cover),50% 50%,hidden,0px,0.08,0.5686,976.23,520.81,601.23 horizontal,Left and right,38.41%,61.59%,30.79% left + 30.79% right,2000,1600,5:4,25%-75%,25%-75%,None,N/A,N/A,WebP,250 KB,No critical content near edges
Home,Contact CTA,ContactSection,Decorative background,/site-images/home/background-decoration/contact-section.png,Local,Desktop 1440x900,1,Browser measured,1425,639,1425,639,2.2300,1717,916,1.8745,1673560,background (cover),50% 50%,hidden,0px,0.20,0.8299,1425.00,760.22,121.22 vertical,Top and bottom,84.05%,15.95%,7.97% top + 7.97% bottom,2000,1600,5:4,25%-75%,25%-75%,None,Live text over section,both sides quiet,WebP,250 KB,both sides quiet
Home,Contact CTA,ContactSection,Decorative background,/site-images/home/background-decoration/contact-section.png,Local,Laptop 1280x800,1,Browser measured,1265,639,1265,639,1.9797,1717,916,1.8745,1673560,background (cover),50% 50%,hidden,0px,0.20,0.7368,1265.00,674.86,35.86 vertical,Top and bottom,94.69%,5.31%,2.66% top + 2.66% bottom,2000,1600,5:4,25%-75%,25%-75%,None,Live text over section,both sides quiet,WebP,250 KB,both sides quiet
Home,Contact CTA,ContactSection,Decorative background,/site-images/home/background-decoration/contact-section.png,Local,Tablet 768x1024,1,Browser measured,753,1066.02,753,1066.02,0.7064,1717,916,1.8745,1673560,background (cover),50% 50%,hidden,0px,0.20,1.1638,1998.21,1066.02,1245.21 horizontal,Left and right,37.68%,62.32%,31.16% left + 31.16% right,2000,1600,5:4,25%-75%,25%-75%,None,Live text over section,both sides quiet,WebP,250 KB,both sides quiet
Home,Contact CTA,ContactSection,Decorative background,/site-images/home/background-decoration/contact-section.png,Local,Mobile 390x844,1,Browser measured,375,1071.13,375,1071.13,0.3501,1717,916,1.8745,1673560,background (cover),50% 50%,hidden,0px,0.20,1.1694,2007.78,1071.13,1632.78 horizontal,Left and right,18.68%,81.32%,40.66% left + 40.66% right,2000,1600,5:4,25%-75%,25%-75%,None,Live text over section,both sides quiet,WebP,250 KB,both sides quiet
Home,Features,FeaturesSection,Decorative background,/site-images/home/background-decoration/features-section.png,Local,Desktop 1440x900,1,Browser measured,1425,524.41,1425,524.41,2.7173,1024,1536,0.6667,1812504,background (cover),50% 50%,hidden,0px,0.07,1.3916,1425.00,2137.50,1613.09 vertical,Top and bottom,24.53%,75.47%,37.73% top + 37.73% bottom,2000,1600,5:4,25%-75%,25%-75%,None,N/A,N/A,WebP,250 KB,Decorative only
Home,Features,FeaturesSection,Decorative background,/site-images/home/background-decoration/features-section.png,Local,Laptop 1280x800,1,Browser measured,1265,524.41,1265,524.41,2.4122,1024,1536,0.6667,1812504,background (cover),50% 50%,hidden,0px,0.07,1.2354,1265.00,1897.50,1373.09 vertical,Top and bottom,27.64%,72.36%,36.18% top + 36.18% bottom,2000,1600,5:4,25%-75%,25%-75%,None,N/A,N/A,WebP,250 KB,Decorative only
Home,Features,FeaturesSection,Decorative background,/site-images/home/background-decoration/features-section.png,Local,Tablet 768x1024,1,Browser measured,753,752.05,753,752.05,1.0013,1024,1536,0.6667,1812504,background (cover),50% 50%,hidden,0px,0.07,0.7354,753.00,1129.50,377.45 vertical,Top and bottom,66.58%,33.42%,16.71% top + 16.71% bottom,2000,1600,5:4,25%-75%,25%-75%,None,N/A,N/A,WebP,250 KB,Decorative only
Home,Features,FeaturesSection,Decorative background,/site-images/home/background-decoration/features-section.png,Local,Mobile 390x844,1,Browser measured,375,794.5,375,794.5,0.4720,1024,1536,0.6667,1812504,background (cover),50% 50%,hidden,0px,0.07,0.5173,529.67,794.50,154.67 horizontal,Left and right,70.80%,29.20%,14.60% left + 14.60% right,2000,1600,5:4,25%-75%,25%-75%,None,N/A,N/A,WebP,250 KB,Decorative only
Home,Testimonials,TestimonialsSection,Unrendered decorative background,/site-images/home/background-decoration/testimonials-section.png,Local,Desktop 1440x900,1,Code-defined / not rendered,,,,,,1717,916,1.8745,1673560,background (cover),50% 50%,hidden,0px,0.10,,,,,,,,,2000,1600,5:4,25%-75%,25%-75%,None,N/A,N/A,WebP,250 KB,Component exists but is not mounted
Home,Testimonials,TestimonialsSection,Unrendered decorative background,/site-images/home/background-decoration/testimonials-section.png,Local,Laptop 1280x800,1,Code-defined / not rendered,,,,,,1717,916,1.8745,1673560,background (cover),50% 50%,hidden,0px,0.10,,,,,,,,,2000,1600,5:4,25%-75%,25%-75%,None,N/A,N/A,WebP,250 KB,Component exists but is not mounted
Home,Testimonials,TestimonialsSection,Unrendered decorative background,/site-images/home/background-decoration/testimonials-section.png,Local,Tablet 768x1024,1,Code-defined / not rendered,,,,,,1717,916,1.8745,1673560,background (cover),50% 50%,hidden,0px,0.10,,,,,,,,,2000,1600,5:4,25%-75%,25%-75%,None,N/A,N/A,WebP,250 KB,Component exists but is not mounted
Home,Testimonials,TestimonialsSection,Unrendered decorative background,/site-images/home/background-decoration/testimonials-section.png,Local,Mobile 390x844,1,Code-defined / not rendered,,,,,,1717,916,1.8745,1673560,background (cover),50% 50%,hidden,0px,0.10,,,,,,,,,2000,1600,5:4,25%-75%,25%-75%,None,N/A,N/A,WebP,250 KB,Component exists but is not mounted
Home,Categories,CategoryCard,Category image,/site-images/home/categories-section/cappuccino.png,Local,Desktop 1440x900,1,Browser measured,246.02,328.01,244.03,326.03,0.7485,1024,1536,0.6667,1937689,cover,50% 50%,hidden,20px,Bottom gradient,0.2383,244.03,366.05,40.02 vertical,Top and bottom,89.07%,10.93%,5.47% top + 5.47% bottom,1200,1600,3:4,10%-90%,10%-65%,None,N/A,N/A,WebP,180 KB,Keep lower area clear for label
Home,Categories,CategoryCard,Category image,/site-images/home/categories-section/cappuccino.png,Local,Laptop 1280x800,1,Browser measured,246.02,328.01,244.03,326.03,0.7485,1024,1536,0.6667,1937689,cover,50% 50%,hidden,20px,Bottom gradient,0.2383,244.03,366.05,40.02 vertical,Top and bottom,89.07%,10.93%,5.47% top + 5.47% bottom,1200,1600,3:4,10%-90%,10%-65%,None,N/A,N/A,WebP,180 KB,Keep lower area clear for label
Home,Categories,CategoryCard,Category image,/site-images/home/categories-section/cappuccino.png,Local,Tablet 768x1024,1,Browser measured,230.14,306.85,228.16,304.87,0.7484,1024,1536,0.6667,1937689,cover,50% 50%,hidden,20px,Bottom gradient,0.2228,228.16,342.24,37.37 vertical,Top and bottom,89.08%,10.92%,5.46% top + 5.46% bottom,1200,1600,3:4,10%-90%,10%-65%,None,N/A,N/A,WebP,180 KB,Keep lower area clear for label
Home,Categories,CategoryCard,Category image,/site-images/home/categories-section/cappuccino.png,Local,Mobile 390x844,1,Browser measured,174.59,232.78,172.61,230.79,0.7479,1024,1536,0.6667,1937689,cover,50% 50%,hidden,20px,Bottom gradient,0.1686,172.61,258.92,28.13 vertical,Top and bottom,89.14%,10.86%,5.43% top + 5.43% bottom,1200,1600,3:4,10%-90%,10%-65%,None,N/A,N/A,WebP,180 KB,Keep lower area clear for label
Home,Categories,CategoryCard,Category image,/site-images/home/categories-section/coffee-mix.png,Local,Desktop 1440x900,1,Browser measured,246.02,328.01,244.03,326.03,0.7485,1024,1536,0.6667,2173874,cover,50% 50%,hidden,20px,Bottom gradient,0.2383,244.03,366.05,40.02 vertical,Top and bottom,89.07%,10.93%,5.47% top + 5.47% bottom,1200,1600,3:4,10%-90%,10%-65%,None,N/A,N/A,WebP,180 KB,Keep lower area clear for label
Home,Categories,CategoryCard,Category image,/site-images/home/categories-section/coffee-mix.png,Local,Laptop 1280x800,1,Browser measured,246.02,328.01,244.03,326.03,0.7485,1024,1536,0.6667,2173874,cover,50% 50%,hidden,20px,Bottom gradient,0.2383,244.03,366.05,40.02 vertical,Top and bottom,89.07%,10.93%,5.47% top + 5.47% bottom,1200,1600,3:4,10%-90%,10%-65%,None,N/A,N/A,WebP,180 KB,Keep lower area clear for label
Home,Categories,CategoryCard,Category image,/site-images/home/categories-section/coffee-mix.png,Local,Tablet 768x1024,1,Browser measured,230.14,306.85,228.16,304.87,0.7484,1024,1536,0.6667,2173874,cover,50% 50%,hidden,20px,Bottom gradient,0.2228,228.16,342.24,37.37 vertical,Top and bottom,89.08%,10.92%,5.46% top + 5.46% bottom,1200,1600,3:4,10%-90%,10%-65%,None,N/A,N/A,WebP,180 KB,Keep lower area clear for label
Home,Categories,CategoryCard,Category image,/site-images/home/categories-section/coffee-mix.png,Local,Mobile 390x844,1,Browser measured,174.59,232.78,172.61,230.79,0.7479,1024,1536,0.6667,2173874,cover,50% 50%,hidden,20px,Bottom gradient,0.1686,172.61,258.92,28.13 vertical,Top and bottom,89.14%,10.86%,5.43% top + 5.43% bottom,1200,1600,3:4,10%-90%,10%-65%,None,N/A,N/A,WebP,180 KB,Keep lower area clear for label
Home,Categories,CategoryCard,Category image,/site-images/home/categories-section/easy-coffee.png,Local,Desktop 1440x900,1,Browser measured,246.02,328.01,244.03,326.03,0.7485,1024,1536,0.6667,1937689,cover,50% 50%,hidden,20px,Bottom gradient,0.2383,244.03,366.05,40.02 vertical,Top and bottom,89.07%,10.93%,5.47% top + 5.47% bottom,1200,1600,3:4,10%-90%,10%-65%,None,N/A,N/A,WebP,180 KB,Keep lower area clear for label
Home,Categories,CategoryCard,Category image,/site-images/home/categories-section/easy-coffee.png,Local,Laptop 1280x800,1,Browser measured,246.02,328.01,244.03,326.03,0.7485,1024,1536,0.6667,1937689,cover,50% 50%,hidden,20px,Bottom gradient,0.2383,244.03,366.05,40.02 vertical,Top and bottom,89.07%,10.93%,5.47% top + 5.47% bottom,1200,1600,3:4,10%-90%,10%-65%,None,N/A,N/A,WebP,180 KB,Keep lower area clear for label
Home,Categories,CategoryCard,Category image,/site-images/home/categories-section/easy-coffee.png,Local,Tablet 768x1024,1,Browser measured,230.14,306.85,228.16,304.87,0.7484,1024,1536,0.6667,1937689,cover,50% 50%,hidden,20px,Bottom gradient,0.2228,228.16,342.24,37.37 vertical,Top and bottom,89.08%,10.92%,5.46% top + 5.46% bottom,1200,1600,3:4,10%-90%,10%-65%,None,N/A,N/A,WebP,180 KB,Keep lower area clear for label
Home,Categories,CategoryCard,Category image,/site-images/home/categories-section/easy-coffee.png,Local,Mobile 390x844,1,Browser measured,174.59,232.78,172.61,230.79,0.7479,1024,1536,0.6667,1937689,cover,50% 50%,hidden,20px,Bottom gradient,0.1686,172.61,258.92,28.13 vertical,Top and bottom,89.14%,10.86%,5.43% top + 5.43% bottom,1200,1600,3:4,10%-90%,10%-65%,None,N/A,N/A,WebP,180 KB,Keep lower area clear for label
Home,Categories,CategoryCard,Category image,/site-images/home/categories-section/espresso-blends.png,Local,Desktop 1440x900,1,Browser measured,246.02,328.01,244.03,326.03,0.7485,1024,1536,0.6667,2122431,cover,50% 50%,hidden,20px,Bottom gradient,0.2383,244.03,366.05,40.02 vertical,Top and bottom,89.07%,10.93%,5.47% top + 5.47% bottom,1200,1600,3:4,10%-90%,10%-65%,None,N/A,N/A,WebP,180 KB,Keep lower area clear for label
Home,Categories,CategoryCard,Category image,/site-images/home/categories-section/espresso-blends.png,Local,Laptop 1280x800,1,Browser measured,246.02,328.01,244.03,326.03,0.7485,1024,1536,0.6667,2122431,cover,50% 50%,hidden,20px,Bottom gradient,0.2383,244.03,366.05,40.02 vertical,Top and bottom,89.07%,10.93%,5.47% top + 5.47% bottom,1200,1600,3:4,10%-90%,10%-65%,None,N/A,N/A,WebP,180 KB,Keep lower area clear for label
Home,Categories,CategoryCard,Category image,/site-images/home/categories-section/espresso-blends.png,Local,Tablet 768x1024,1,Browser measured,230.14,306.85,228.16,304.87,0.7484,1024,1536,0.6667,2122431,cover,50% 50%,hidden,20px,Bottom gradient,0.2228,228.16,342.24,37.37 vertical,Top and bottom,89.08%,10.92%,5.46% top + 5.46% bottom,1200,1600,3:4,10%-90%,10%-65%,None,N/A,N/A,WebP,180 KB,Keep lower area clear for label
Home,Categories,CategoryCard,Category image,/site-images/home/categories-section/espresso-blends.png,Local,Mobile 390x844,1,Browser measured,174.59,232.78,172.61,230.79,0.7479,1024,1536,0.6667,2122431,cover,50% 50%,hidden,20px,Bottom gradient,0.1686,172.61,258.92,28.13 vertical,Top and bottom,89.14%,10.86%,5.43% top + 5.43% bottom,1200,1600,3:4,10%-90%,10%-65%,None,N/A,N/A,WebP,180 KB,Keep lower area clear for label
Home,Categories,CategoryCard,Category image,/site-images/home/categories-section/flavor-coffee.png,Local,Desktop 1440x900,1,Browser measured,246.02,328.01,244.03,326.03,0.7485,1024,1536,0.6667,1757726,cover,50% 50%,hidden,20px,Bottom gradient,0.2383,244.03,366.05,40.02 vertical,Top and bottom,89.07%,10.93%,5.47% top + 5.47% bottom,1200,1600,3:4,10%-90%,10%-65%,None,N/A,N/A,WebP,180 KB,Keep lower area clear for label
Home,Categories,CategoryCard,Category image,/site-images/home/categories-section/flavor-coffee.png,Local,Laptop 1280x800,1,Browser measured,246.02,328.01,244.03,326.03,0.7485,1024,1536,0.6667,1757726,cover,50% 50%,hidden,20px,Bottom gradient,0.2383,244.03,366.05,40.02 vertical,Top and bottom,89.07%,10.93%,5.47% top + 5.47% bottom,1200,1600,3:4,10%-90%,10%-65%,None,N/A,N/A,WebP,180 KB,Keep lower area clear for label
Home,Categories,CategoryCard,Category image,/site-images/home/categories-section/flavor-coffee.png,Local,Tablet 768x1024,1,Browser measured,230.14,306.85,228.16,304.87,0.7484,1024,1536,0.6667,1757726,cover,50% 50%,hidden,20px,Bottom gradient,0.2228,228.16,342.24,37.37 vertical,Top and bottom,89.08%,10.92%,5.46% top + 5.46% bottom,1200,1600,3:4,10%-90%,10%-65%,None,N/A,N/A,WebP,180 KB,Keep lower area clear for label
Home,Categories,CategoryCard,Category image,/site-images/home/categories-section/flavor-coffee.png,Local,Mobile 390x844,1,Browser measured,174.59,232.78,172.61,230.79,0.7479,1024,1536,0.6667,1757726,cover,50% 50%,hidden,20px,Bottom gradient,0.1686,172.61,258.92,28.13 vertical,Top and bottom,89.14%,10.86%,5.43% top + 5.43% bottom,1200,1600,3:4,10%-90%,10%-65%,None,N/A,N/A,WebP,180 KB,Keep lower area clear for label
Home,Categories,CategoryCard,Category image,/site-images/home/categories-section/make-your-espresso.png,Local,Desktop 1440x900,1,Browser measured,246.02,328.01,244.03,326.03,0.7485,1086,1448,0.7500,2000481,cover,50% 50%,hidden,20px,Bottom gradient,0.2252,244.52,326.03,0.49 horizontal,Left and right,99.80%,0.20%,0.10% left + 0.10% right,1200,1600,3:4,10%-90%,10%-65%,None,N/A,N/A,WebP,180 KB,Source already 3:4; no ratio crop
Home,Categories,CategoryCard,Category image,/site-images/home/categories-section/make-your-espresso.png,Local,Laptop 1280x800,1,Browser measured,246.02,328.01,244.03,326.03,0.7485,1086,1448,0.7500,2000481,cover,50% 50%,hidden,20px,Bottom gradient,0.2252,244.52,326.03,0.49 horizontal,Left and right,99.80%,0.20%,0.10% left + 0.10% right,1200,1600,3:4,10%-90%,10%-65%,None,N/A,N/A,WebP,180 KB,Source already 3:4; no ratio crop
Home,Categories,CategoryCard,Category image,/site-images/home/categories-section/make-your-espresso.png,Local,Tablet 768x1024,1,Browser measured,230.14,306.85,228.16,304.87,0.7484,1086,1448,0.7500,2000481,cover,50% 50%,hidden,20px,Bottom gradient,0.2105,228.65,304.87,0.49 horizontal,Left and right,99.78%,0.22%,0.11% left + 0.11% right,1200,1600,3:4,10%-90%,10%-65%,None,N/A,N/A,WebP,180 KB,Source already 3:4; no ratio crop
Home,Categories,CategoryCard,Category image,/site-images/home/categories-section/make-your-espresso.png,Local,Mobile 390x844,1,Browser measured,174.59,232.78,172.61,230.79,0.7479,1086,1448,0.7500,2000481,cover,50% 50%,hidden,20px,Bottom gradient,0.1594,173.09,230.79,0.48 horizontal,Left and right,99.72%,0.28%,0.14% left + 0.14% right,1200,1600,3:4,10%-90%,10%-65%,None,N/A,N/A,WebP,180 KB,Source already 3:4; no ratio crop
Home,Categories,CategoryCard,Category image,/site-images/home/categories-section/turkish-blends.png,Local,Desktop 1440x900,1,Browser measured,246.02,328.01,244.03,326.03,0.7485,1024,1536,0.6667,1878760,cover,50% 50%,hidden,20px,Bottom gradient,0.2383,244.03,366.05,40.02 vertical,Top and bottom,89.07%,10.93%,5.47% top + 5.47% bottom,1200,1600,3:4,10%-90%,10%-65%,None,N/A,N/A,WebP,180 KB,Keep lower area clear for label
Home,Categories,CategoryCard,Category image,/site-images/home/categories-section/turkish-blends.png,Local,Laptop 1280x800,1,Browser measured,246.02,328.01,244.03,326.03,0.7485,1024,1536,0.6667,1878760,cover,50% 50%,hidden,20px,Bottom gradient,0.2383,244.03,366.05,40.02 vertical,Top and bottom,89.07%,10.93%,5.47% top + 5.47% bottom,1200,1600,3:4,10%-90%,10%-65%,None,N/A,N/A,WebP,180 KB,Keep lower area clear for label
Home,Categories,CategoryCard,Category image,/site-images/home/categories-section/turkish-blends.png,Local,Tablet 768x1024,1,Browser measured,230.14,306.85,228.16,304.87,0.7484,1024,1536,0.6667,1878760,cover,50% 50%,hidden,20px,Bottom gradient,0.2228,228.16,342.24,37.37 vertical,Top and bottom,89.08%,10.92%,5.46% top + 5.46% bottom,1200,1600,3:4,10%-90%,10%-65%,None,N/A,N/A,WebP,180 KB,Keep lower area clear for label
Home,Categories,CategoryCard,Category image,/site-images/home/categories-section/turkish-blends.png,Local,Mobile 390x844,1,Browser measured,174.59,232.78,172.61,230.79,0.7479,1024,1536,0.6667,1878760,cover,50% 50%,hidden,20px,Bottom gradient,0.1686,172.61,258.92,28.13 vertical,Top and bottom,89.14%,10.86%,5.43% top + 5.43% bottom,1200,1600,3:4,10%-90%,10%-65%,None,N/A,N/A,WebP,180 KB,Keep lower area clear for label
Home,Hero,HomeHero,Slide 01,/site-images/home/hero-section/01-dark-roast.png,Local,Desktop 1440x900,1,Browser measured,1425,900,1425,900,1.5833,1717,916,1.8745,1673560,cover,50% 50%,hidden,0px,black 0.44 + vignette 0.32 + gradients,0.9825,1687.01,900.00,262.01 horizontal,Left and right,84.47%,15.53%,7.77% left + 7.77% right,2000,2400,5:6,23%-77%,24%-76%,None,right side is less occupied by live EN title,left side is less occupied by live AR title,WebP,450 KB,Mobile shows only 23.70% of source width; separate mobile art direction recommended
Home,Hero,HomeHero,Slide 01,/site-images/home/hero-section/01-dark-roast.png,Local,Laptop 1280x800,1,Browser measured,1265,800,1265,800,1.5813,1717,916,1.8745,1673560,cover,50% 50%,hidden,0px,black 0.44 + vignette 0.32 + gradients,0.8734,1499.56,800.00,234.56 horizontal,Left and right,84.36%,15.64%,7.82% left + 7.82% right,2000,2400,5:6,23%-77%,24%-76%,None,right side is less occupied by live EN title,left side is less occupied by live AR title,WebP,450 KB,Mobile shows only 23.70% of source width; separate mobile art direction recommended
Home,Hero,HomeHero,Slide 01,/site-images/home/hero-section/01-dark-roast.png,Local,Tablet 768x1024,1,Browser measured,753,1024,753,1024,0.7354,1717,916,1.8745,1673560,cover,50% 50%,hidden,0px,black 0.44 + vignette 0.32 + gradients,1.1179,1919.44,1024.00,1166.44 horizontal,Left and right,39.23%,60.77%,30.38% left + 30.38% right,2000,2400,5:6,23%-77%,24%-76%,None,right side is less occupied by live EN title,left side is less occupied by live AR title,WebP,450 KB,Mobile shows only 23.70% of source width; separate mobile art direction recommended
Home,Hero,HomeHero,Slide 01,/site-images/home/hero-section/01-dark-roast.png,Local,Mobile 390x844,1,Browser measured,375,844,375,844,0.4443,1717,916,1.8745,1673560,cover,50% 50%,hidden,0px,black 0.44 + vignette 0.32 + gradients,0.9214,1582.04,844.00,1207.04 horizontal,Left and right,23.70%,76.30%,38.15% left + 38.15% right,2000,2400,5:6,23%-77%,24%-76%,None,right side is less occupied by live EN title,left side is less occupied by live AR title,WebP,450 KB,Mobile shows only 23.70% of source width; separate mobile art direction recommended
Home,Hero,HomeHero,Slide 02,/site-images/home/hero-section/02-espresso-studio.png,Local,Desktop 1440x900,1,Browser measured,1425,900,1425,900,1.5833,1024,1536,0.6667,1812504,cover,50% 50%,hidden,0px,black 0.44 + vignette 0.32 + gradients,1.3916,1425.00,2137.50,1237.50 vertical,Top and bottom,42.11%,57.89%,28.95% top + 28.95% bottom,2000,2400,5:6,23%-77%,24%-76%,None,right side is less occupied by live EN title,left side is less occupied by live AR title,WebP,450 KB,Desktop crops 57.89% vertically
Home,Hero,HomeHero,Slide 02,/site-images/home/hero-section/02-espresso-studio.png,Local,Laptop 1280x800,1,Browser measured,1265,800,1265,800,1.5813,1024,1536,0.6667,1812504,cover,50% 50%,hidden,0px,black 0.44 + vignette 0.32 + gradients,1.2354,1265.00,1897.50,1097.50 vertical,Top and bottom,42.16%,57.84%,28.92% top + 28.92% bottom,2000,2400,5:6,23%-77%,24%-76%,None,right side is less occupied by live EN title,left side is less occupied by live AR title,WebP,450 KB,Desktop crops 57.89% vertically
Home,Hero,HomeHero,Slide 02,/site-images/home/hero-section/02-espresso-studio.png,Local,Tablet 768x1024,1,Browser measured,753,1024,753,1024,0.7354,1024,1536,0.6667,1812504,cover,50% 50%,hidden,0px,black 0.44 + vignette 0.32 + gradients,0.7354,753.00,1129.50,105.50 vertical,Top and bottom,90.66%,9.34%,4.67% top + 4.67% bottom,2000,2400,5:6,23%-77%,24%-76%,None,right side is less occupied by live EN title,left side is less occupied by live AR title,WebP,450 KB,Desktop crops 57.89% vertically
Home,Hero,HomeHero,Slide 02,/site-images/home/hero-section/02-espresso-studio.png,Local,Mobile 390x844,1,Browser measured,375,844,375,844,0.4443,1024,1536,0.6667,1812504,cover,50% 50%,hidden,0px,black 0.44 + vignette 0.32 + gradients,0.5495,562.67,844.00,187.67 horizontal,Left and right,66.65%,33.35%,16.68% left + 16.68% right,2000,2400,5:6,23%-77%,24%-76%,None,right side is less occupied by live EN title,left side is less occupied by live AR title,WebP,450 KB,Desktop crops 57.89% vertically
Home,Hero,HomeHero,Slide 03,/site-images/home/hero-section/03-flavor-studio.png,Local,Desktop 1440x900,1,Browser measured,1425,900,1425,900,1.5833,1024,1536,0.6667,1757726,cover,50% 50%,hidden,0px,black 0.44 + vignette 0.32 + gradients,1.3916,1425.00,2137.50,1237.50 vertical,Top and bottom,42.11%,57.89%,28.95% top + 28.95% bottom,2000,2400,5:6,23%-77%,24%-76%,None,right side is less occupied by live EN title,left side is less occupied by live AR title,WebP,450 KB,Desktop crops 57.89% vertically
Home,Hero,HomeHero,Slide 03,/site-images/home/hero-section/03-flavor-studio.png,Local,Laptop 1280x800,1,Browser measured,1265,800,1265,800,1.5813,1024,1536,0.6667,1757726,cover,50% 50%,hidden,0px,black 0.44 + vignette 0.32 + gradients,1.2354,1265.00,1897.50,1097.50 vertical,Top and bottom,42.16%,57.84%,28.92% top + 28.92% bottom,2000,2400,5:6,23%-77%,24%-76%,None,right side is less occupied by live EN title,left side is less occupied by live AR title,WebP,450 KB,Desktop crops 57.89% vertically
Home,Hero,HomeHero,Slide 03,/site-images/home/hero-section/03-flavor-studio.png,Local,Tablet 768x1024,1,Browser measured,753,1024,753,1024,0.7354,1024,1536,0.6667,1757726,cover,50% 50%,hidden,0px,black 0.44 + vignette 0.32 + gradients,0.7354,753.00,1129.50,105.50 vertical,Top and bottom,90.66%,9.34%,4.67% top + 4.67% bottom,2000,2400,5:6,23%-77%,24%-76%,None,right side is less occupied by live EN title,left side is less occupied by live AR title,WebP,450 KB,Desktop crops 57.89% vertically
Home,Hero,HomeHero,Slide 03,/site-images/home/hero-section/03-flavor-studio.png,Local,Mobile 390x844,1,Browser measured,375,844,375,844,0.4443,1024,1536,0.6667,1757726,cover,50% 50%,hidden,0px,black 0.44 + vignette 0.32 + gradients,0.5495,562.67,844.00,187.67 horizontal,Left and right,66.65%,33.35%,16.68% left + 16.68% right,2000,2400,5:6,23%-77%,24%-76%,None,right side is less occupied by live EN title,left side is less occupied by live AR title,WebP,450 KB,Desktop crops 57.89% vertically
Home,Journal,JournalCard,Article image,/site-images/home/journal-section/01-roast-notes.png,Local,Desktop 1440x900,1,Browser measured,399.43,357.74,397.45,222.21,1.7886,1024,1536,0.6667,1812504,cover,50% 50%,hidden,20px,,0.3881,397.45,596.17,373.96 vertical,Top and bottom,37.27%,62.73%,31.36% top + 31.36% bottom,1600,1200,4:3,13%-87%,13%-87%,None,None,None,WebP,220 KB,Mixed near-square/wide viewport
Home,Journal,JournalCard,Article image,/site-images/home/journal-section/01-roast-notes.png,Local,Laptop 1280x800,1,Browser measured,394.47,357.74,392.49,222.21,1.7663,1024,1536,0.6667,1812504,cover,50% 50%,hidden,20px,,0.3833,392.49,588.74,366.52 vertical,Top and bottom,37.74%,62.26%,31.13% top + 31.13% bottom,1600,1200,4:3,13%-87%,13%-87%,None,None,None,WebP,220 KB,Mixed near-square/wide viewport
Home,Journal,JournalCard,Article image,/site-images/home/journal-section/01-roast-notes.png,Local,Tablet 768x1024,1,Browser measured,225.18,400.05,223.2,222.21,1.0045,1024,1536,0.6667,1812504,cover,50% 50%,hidden,20px,,0.2180,223.20,334.80,112.59 vertical,Top and bottom,66.37%,33.63%,16.81% top + 16.81% bottom,1600,1200,4:3,13%-87%,13%-87%,None,None,None,WebP,220 KB,Mixed near-square/wide viewport
Home,Journal,JournalCard,Article image,/site-images/home/journal-section/01-roast-notes.png,Local,Mobile 390x844,1,Browser measured,340.26,340.77,338.27,206.34,1.6394,1024,1536,0.6667,1812504,cover,50% 50%,hidden,20px,,0.3303,338.27,507.40,301.06 vertical,Top and bottom,40.67%,59.33%,29.67% top + 29.67% bottom,1600,1200,4:3,13%-87%,13%-87%,None,None,None,WebP,220 KB,Mixed near-square/wide viewport
Home,Journal,JournalCard,Article image,/site-images/home/journal-section/02-blend-guide.png,Local,Desktop 1440x900,1,Browser measured,399.43,357.74,397.45,222.21,1.7886,1024,1536,0.6667,2122431,cover,50% 50%,hidden,20px,,0.3881,397.45,596.17,373.96 vertical,Top and bottom,37.27%,62.73%,31.36% top + 31.36% bottom,1600,1200,4:3,13%-87%,13%-87%,None,None,None,WebP,220 KB,Mixed near-square/wide viewport
Home,Journal,JournalCard,Article image,/site-images/home/journal-section/02-blend-guide.png,Local,Laptop 1280x800,1,Browser measured,394.47,357.74,392.49,222.21,1.7663,1024,1536,0.6667,2122431,cover,50% 50%,hidden,20px,,0.3833,392.49,588.74,366.52 vertical,Top and bottom,37.74%,62.26%,31.13% top + 31.13% bottom,1600,1200,4:3,13%-87%,13%-87%,None,None,None,WebP,220 KB,Mixed near-square/wide viewport
Home,Journal,JournalCard,Article image,/site-images/home/journal-section/02-blend-guide.png,Local,Tablet 768x1024,1,Browser measured,225.18,400.05,223.2,222.21,1.0045,1024,1536,0.6667,2122431,cover,50% 50%,hidden,20px,,0.2180,223.20,334.80,112.59 vertical,Top and bottom,66.37%,33.63%,16.81% top + 16.81% bottom,1600,1200,4:3,13%-87%,13%-87%,None,None,None,WebP,220 KB,Mixed near-square/wide viewport
Home,Journal,JournalCard,Article image,/site-images/home/journal-section/02-blend-guide.png,Local,Mobile 390x844,1,Browser measured,340.26,340.77,338.27,206.34,1.6394,1024,1536,0.6667,2122431,cover,50% 50%,hidden,20px,,0.3303,338.27,507.40,301.06 vertical,Top and bottom,40.67%,59.33%,29.67% top + 29.67% bottom,1600,1200,4:3,13%-87%,13%-87%,None,None,None,WebP,220 KB,Mixed near-square/wide viewport
Home,Journal,JournalCard,Article image,/site-images/home/journal-section/03-keeping-it-fresh.png,Local,Desktop 1440x900,1,Browser measured,399.43,357.74,397.45,222.21,1.7886,1024,1536,0.6667,2173874,cover,50% 50%,hidden,20px,,0.3881,397.45,596.17,373.96 vertical,Top and bottom,37.27%,62.73%,31.36% top + 31.36% bottom,1600,1200,4:3,13%-87%,13%-87%,None,None,None,WebP,220 KB,Mixed near-square/wide viewport
Home,Journal,JournalCard,Article image,/site-images/home/journal-section/03-keeping-it-fresh.png,Local,Laptop 1280x800,1,Browser measured,394.47,357.74,392.49,222.21,1.7663,1024,1536,0.6667,2173874,cover,50% 50%,hidden,20px,,0.3833,392.49,588.74,366.52 vertical,Top and bottom,37.74%,62.26%,31.13% top + 31.13% bottom,1600,1200,4:3,13%-87%,13%-87%,None,None,None,WebP,220 KB,Mixed near-square/wide viewport
Home,Journal,JournalCard,Article image,/site-images/home/journal-section/03-keeping-it-fresh.png,Local,Tablet 768x1024,1,Browser measured,225.18,400.05,223.2,222.21,1.0045,1024,1536,0.6667,2173874,cover,50% 50%,hidden,20px,,0.2180,223.20,334.80,112.59 vertical,Top and bottom,66.37%,33.63%,16.81% top + 16.81% bottom,1600,1200,4:3,13%-87%,13%-87%,None,None,None,WebP,220 KB,Mixed near-square/wide viewport
Home,Journal,JournalCard,Article image,/site-images/home/journal-section/03-keeping-it-fresh.png,Local,Mobile 390x844,1,Browser measured,340.26,340.77,338.27,206.34,1.6394,1024,1536,0.6667,2173874,cover,50% 50%,hidden,20px,,0.3303,338.27,507.40,301.06 vertical,Top and bottom,40.67%,59.33%,29.67% top + 29.67% bottom,1600,1200,4:3,13%-87%,13%-87%,None,None,None,WebP,220 KB,Mixed near-square/wide viewport
Home,Social Gallery,SocialGallery,Featured image,/site-images/home/social-gallery-section/01-flavor.png,Local,Desktop 1440x900,1,Browser measured,820.04,396.8,818.06,394.82,2.0720,1024,1536,0.6667,1757726,cover,50% 50%,hidden,20px,,0.7989,818.06,1227.09,832.27 vertical,Top and bottom,32.18%,67.82%,33.91% top + 33.91% bottom,1600,1200,4:3,10%-90%,24%-76%,None,None,None,WebP,220 KB,Mobile featured tile is extremely wide
Home,Social Gallery,SocialGallery,Featured image,/site-images/home/social-gallery-section/01-flavor.png,Local,Laptop 1280x800,1,Browser measured,810.12,396.8,808.14,394.82,2.0469,1024,1536,0.6667,1757726,cover,50% 50%,hidden,20px,,0.7892,808.14,1212.21,817.39 vertical,Top and bottom,32.57%,67.43%,33.71% top + 33.71% bottom,1600,1200,4:3,10%-90%,24%-76%,None,None,None,WebP,220 KB,Mobile featured tile is extremely wide
Home,Social Gallery,SocialGallery,Featured image,/site-images/home/social-gallery-section/01-flavor.png,Local,Tablet 768x1024,1,Browser measured,471.53,333.31,469.54,331.33,1.4171,1024,1536,0.6667,1757726,cover,50% 50%,hidden,20px,,0.4585,469.54,704.31,372.98 vertical,Top and bottom,47.04%,52.96%,26.48% top + 26.48% bottom,1600,1200,4:3,10%-90%,24%-76%,None,None,None,WebP,220 KB,Mobile featured tile is extremely wide
Home,Social Gallery,SocialGallery,Featured image,/site-images/home/social-gallery-section/01-flavor.png,Local,Mobile 390x844,1,Browser measured,340.26,134.91,338.27,132.93,2.5447,1024,1536,0.6667,1757726,cover,50% 50%,hidden,20px,,0.3303,338.27,507.40,374.47 vertical,Top and bottom,26.20%,73.80%,36.90% top + 36.90% bottom,1600,1200,4:3,10%-90%,24%-76%,None,None,None,WebP,220 KB,Mobile featured tile is extremely wide
Home,Social Gallery,SocialGallery,Secondary tile,/site-images/home/social-gallery-section/02-espresso.png,Local,Desktop 1440x900,1,Browser measured,402.1,190.46,400.1,188.48,2.1228,1024,1536,0.6667,2122431,cover,50% 50%,hidden,20px,,0.3907,400.10,600.15,411.67 vertical,Top and bottom,31.41%,68.59%,34.30% top + 34.30% bottom,1600,1200,4:3,10%-90%,24%-76%,None,None,None,WebP,220 KB,Variable responsive ratio
Home,Social Gallery,SocialGallery,Secondary tile,/site-images/home/social-gallery-section/02-espresso.png,Local,Laptop 1280x800,1,Browser measured,397.14,190.46,395.14,188.48,2.0965,1024,1536,0.6667,2122431,cover,50% 50%,hidden,20px,,0.3859,395.14,592.71,404.23 vertical,Top and bottom,31.80%,68.20%,34.10% top + 34.10% bottom,1600,1200,4:3,10%-90%,24%-76%,None,None,None,WebP,220 KB,Variable responsive ratio
Home,Social Gallery,SocialGallery,Secondary tile,/site-images/home/social-gallery-section/02-espresso.png,Local,Tablet 768x1024,1,Browser measured,227.83,158.72,225.85,156.74,1.4409,1024,1536,0.6667,2122431,cover,50% 50%,hidden,20px,,0.2206,225.85,338.77,182.03 vertical,Top and bottom,46.27%,53.73%,26.87% top + 26.87% bottom,1600,1200,4:3,10%-90%,24%-76%,None,None,None,WebP,220 KB,Variable responsive ratio
Home,Social Gallery,SocialGallery,Secondary tile,/site-images/home/social-gallery-section/02-espresso.png,Local,Mobile 390x844,1,Browser measured,164.18,134.91,162.19,132.93,1.2201,1024,1536,0.6667,2122431,cover,50% 50%,hidden,20px,,0.1584,162.19,243.28,110.35 vertical,Top and bottom,54.64%,45.36%,22.68% top + 22.68% bottom,1600,1200,4:3,10%-90%,24%-76%,None,None,None,WebP,220 KB,Variable responsive ratio
Home,Social Gallery,SocialGallery,Secondary tile,/site-images/home/social-gallery-section/03-classic-pouch.png,Local,Desktop 1440x900,1,Browser measured,402.1,190.46,400.1,188.48,2.1228,1024,1536,0.6667,2173874,cover,50% 50%,hidden,20px,,0.3907,400.10,600.15,411.67 vertical,Top and bottom,31.41%,68.59%,34.30% top + 34.30% bottom,1600,1200,4:3,10%-90%,24%-76%,None,None,None,WebP,220 KB,Variable responsive ratio
Home,Social Gallery,SocialGallery,Secondary tile,/site-images/home/social-gallery-section/03-classic-pouch.png,Local,Laptop 1280x800,1,Browser measured,397.14,190.46,395.14,188.48,2.0965,1024,1536,0.6667,2173874,cover,50% 50%,hidden,20px,,0.3859,395.14,592.71,404.23 vertical,Top and bottom,31.80%,68.20%,34.10% top + 34.10% bottom,1600,1200,4:3,10%-90%,24%-76%,None,None,None,WebP,220 KB,Variable responsive ratio
Home,Social Gallery,SocialGallery,Secondary tile,/site-images/home/social-gallery-section/03-classic-pouch.png,Local,Tablet 768x1024,1,Browser measured,227.83,158.72,225.85,156.74,1.4409,1024,1536,0.6667,2173874,cover,50% 50%,hidden,20px,,0.2206,225.85,338.77,182.03 vertical,Top and bottom,46.27%,53.73%,26.87% top + 26.87% bottom,1600,1200,4:3,10%-90%,24%-76%,None,None,None,WebP,220 KB,Variable responsive ratio
Home,Social Gallery,SocialGallery,Secondary tile,/site-images/home/social-gallery-section/03-classic-pouch.png,Local,Mobile 390x844,1,Browser measured,164.18,134.91,162.19,132.93,1.2201,1024,1536,0.6667,2173874,cover,50% 50%,hidden,20px,,0.1584,162.19,243.28,110.35 vertical,Top and bottom,54.64%,45.36%,22.68% top + 22.68% bottom,1600,1200,4:3,10%-90%,24%-76%,None,None,None,WebP,220 KB,Variable responsive ratio
Home,Social Gallery,SocialGallery,Secondary tile,/site-images/home/social-gallery-section/04-roastery.png,Local,Desktop 1440x900,1,Browser measured,402.1,190.46,400.1,188.48,2.1228,1024,1536,0.6667,1812504,cover,50% 50%,hidden,20px,,0.3907,400.10,600.15,411.67 vertical,Top and bottom,31.41%,68.59%,34.30% top + 34.30% bottom,1600,1200,4:3,10%-90%,24%-76%,None,None,None,WebP,220 KB,Variable responsive ratio
Home,Social Gallery,SocialGallery,Secondary tile,/site-images/home/social-gallery-section/04-roastery.png,Local,Laptop 1280x800,1,Browser measured,397.14,190.46,395.14,188.48,2.0965,1024,1536,0.6667,1812504,cover,50% 50%,hidden,20px,,0.3859,395.14,592.71,404.23 vertical,Top and bottom,31.80%,68.20%,34.10% top + 34.10% bottom,1600,1200,4:3,10%-90%,24%-76%,None,None,None,WebP,220 KB,Variable responsive ratio
Home,Social Gallery,SocialGallery,Secondary tile,/site-images/home/social-gallery-section/04-roastery.png,Local,Tablet 768x1024,1,Browser measured,227.83,158.72,225.85,156.74,1.4409,1024,1536,0.6667,1812504,cover,50% 50%,hidden,20px,,0.2206,225.85,338.77,182.03 vertical,Top and bottom,46.27%,53.73%,26.87% top + 26.87% bottom,1600,1200,4:3,10%-90%,24%-76%,None,None,None,WebP,220 KB,Variable responsive ratio
Home,Social Gallery,SocialGallery,Secondary tile,/site-images/home/social-gallery-section/04-roastery.png,Local,Mobile 390x844,1,Browser measured,164.18,134.91,162.19,132.93,1.2201,1024,1536,0.6667,1812504,cover,50% 50%,hidden,20px,,0.1584,162.19,243.28,110.35 vertical,Top and bottom,54.64%,45.36%,22.68% top + 22.68% bottom,1600,1200,4:3,10%-90%,24%-76%,None,None,None,WebP,220 KB,Variable responsive ratio
Home,Social Gallery,SocialGallery,Secondary tile,/site-images/home/social-gallery-section/05-flavor-pouch.png,Local,Desktop 1440x900,1,Browser measured,402.1,190.46,400.1,188.48,2.1228,1122,1402,0.8003,1851762,cover,50% 50%,hidden,20px,,0.3566,400.10,499.95,311.47 vertical,Top and bottom,37.70%,62.30%,31.15% top + 31.15% bottom,1600,1200,4:3,10%-90%,24%-76%,None,None,None,WebP,220 KB,Variable responsive ratio
Home,Social Gallery,SocialGallery,Secondary tile,/site-images/home/social-gallery-section/05-flavor-pouch.png,Local,Laptop 1280x800,1,Browser measured,397.14,190.46,395.14,188.48,2.0965,1122,1402,0.8003,1851762,cover,50% 50%,hidden,20px,,0.3522,395.14,493.75,305.27 vertical,Top and bottom,38.17%,61.83%,30.91% top + 30.91% bottom,1600,1200,4:3,10%-90%,24%-76%,None,None,None,WebP,220 KB,Variable responsive ratio
Home,Social Gallery,SocialGallery,Secondary tile,/site-images/home/social-gallery-section/05-flavor-pouch.png,Local,Tablet 768x1024,1,Browser measured,227.83,158.72,225.85,156.74,1.4409,1122,1402,0.8003,1851762,cover,50% 50%,hidden,20px,,0.2013,225.85,282.21,125.47 vertical,Top and bottom,55.54%,44.46%,22.23% top + 22.23% bottom,1600,1200,4:3,10%-90%,24%-76%,None,None,None,WebP,220 KB,Variable responsive ratio
Home,Social Gallery,SocialGallery,Secondary tile,/site-images/home/social-gallery-section/05-flavor-pouch.png,Local,Mobile 390x844,1,Browser measured,164.18,134.91,162.19,132.93,1.2201,1122,1402,0.8003,1851762,cover,50% 50%,hidden,20px,,0.1446,162.19,202.67,69.74 vertical,Top and bottom,65.59%,34.41%,17.20% top + 17.20% bottom,1600,1200,4:3,10%-90%,24%-76%,None,None,None,WebP,220 KB,Variable responsive ratio
Home,Social Gallery,SocialGallery,Secondary tile,/site-images/home/social-gallery-section/06-turkish.png,Local,Desktop 1440x900,1,Browser measured,402.1,190.46,400.1,188.48,2.1228,1024,1536,0.6667,1878760,cover,50% 50%,hidden,20px,,0.3907,400.10,600.15,411.67 vertical,Top and bottom,31.41%,68.59%,34.30% top + 34.30% bottom,1600,1200,4:3,10%-90%,24%-76%,None,None,None,WebP,220 KB,Variable responsive ratio
Home,Social Gallery,SocialGallery,Secondary tile,/site-images/home/social-gallery-section/06-turkish.png,Local,Laptop 1280x800,1,Browser measured,397.14,190.46,395.14,188.48,2.0965,1024,1536,0.6667,1878760,cover,50% 50%,hidden,20px,,0.3859,395.14,592.71,404.23 vertical,Top and bottom,31.80%,68.20%,34.10% top + 34.10% bottom,1600,1200,4:3,10%-90%,24%-76%,None,None,None,WebP,220 KB,Variable responsive ratio
Home,Social Gallery,SocialGallery,Secondary tile,/site-images/home/social-gallery-section/06-turkish.png,Local,Tablet 768x1024,1,Browser measured,227.83,158.72,225.85,156.74,1.4409,1024,1536,0.6667,1878760,cover,50% 50%,hidden,20px,,0.2206,225.85,338.77,182.03 vertical,Top and bottom,46.27%,53.73%,26.87% top + 26.87% bottom,1600,1200,4:3,10%-90%,24%-76%,None,None,None,WebP,220 KB,Variable responsive ratio
Home,Social Gallery,SocialGallery,Secondary tile,/site-images/home/social-gallery-section/06-turkish.png,Local,Mobile 390x844,1,Browser measured,164.18,134.91,162.19,132.93,1.2201,1024,1536,0.6667,1878760,cover,50% 50%,hidden,20px,,0.1584,162.19,243.28,110.35 vertical,Top and bottom,54.64%,45.36%,22.68% top + 22.68% bottom,1600,1200,4:3,10%-90%,24%-76%,None,None,None,WebP,220 KB,Variable responsive ratio
Home,Story,StorySection,Foreground portrait,/site-images/home/story-section/story-roastery.png,Local,Desktop 1440x900,1,Browser measured,570.24,760.32,568.26,758.34,0.7493,1024,1536,0.6667,1812504,cover,50% 50%,hidden,24px,,0.5549,568.26,852.39,94.05 vertical,Top and bottom,88.97%,11.03%,5.52% top + 5.52% bottom,1200,1600,3:4,10%-90%,10%-90%,None,None,None,WebP,220 KB,3:4 viewport
Home,Story,StorySection,Foreground portrait,/site-images/home/story-section/story-roastery.png,Local,Laptop 1280x800,1,Browser measured,562.81,750.42,560.83,748.44,0.7493,1024,1536,0.6667,1812504,cover,50% 50%,hidden,24px,,0.5477,560.83,841.25,92.81 vertical,Top and bottom,88.97%,11.03%,5.52% top + 5.52% bottom,1200,1600,3:4,10%-90%,10%-90%,None,None,None,WebP,220 KB,3:4 viewport
Home,Story,StorySection,Foreground portrait,/site-images/home/story-section/story-roastery.png,Local,Tablet 768x1024,1,Browser measured,570.24,760.32,568.26,758.34,0.7493,1024,1536,0.6667,1812504,cover,50% 50%,hidden,24px,,0.5549,568.26,852.39,94.05 vertical,Top and bottom,88.97%,11.03%,5.52% top + 5.52% bottom,1200,1600,3:4,10%-90%,10%-90%,None,None,None,WebP,220 KB,3:4 viewport
Home,Story,StorySection,Foreground portrait,/site-images/home/story-section/story-roastery.png,Local,Mobile 390x844,1,Browser measured,339.57,452.75,337.59,450.77,0.7489,1024,1536,0.6667,1812504,cover,50% 50%,hidden,24px,,0.3297,337.59,506.38,55.62 vertical,Top and bottom,89.02%,10.98%,5.49% top + 5.49% bottom,1200,1600,3:4,10%-90%,10%-90%,None,None,None,WebP,220 KB,3:4 viewport
Home,Story,StorySection,Decorative background reuse,/site-images/home/story-section/story-roastery.png,Local,Desktop 1440x900,1,Browser measured,1425,1024,1425,1024,1.3916,1024,1536,0.6667,1812504,background (cover),50% 50%,hidden,0px,0.08,1.3916,1425.00,2137.50,1113.50 vertical,Top and bottom,47.91%,52.09%,26.05% top + 26.05% bottom,2000,1600,5:4,25%-75%,25%-75%,None,Live story copy over background,both sides quiet,WebP,250 KB,both sides quiet
Home,Story,StorySection,Decorative background reuse,/site-images/home/story-section/story-roastery.png,Local,Laptop 1280x800,1,Browser measured,1265,1014,1265,1014,1.2475,1024,1536,0.6667,1812504,background (cover),50% 50%,hidden,0px,0.08,1.2354,1265.00,1897.50,883.50 vertical,Top and bottom,53.44%,46.56%,23.28% top + 23.28% bottom,2000,1600,5:4,25%-75%,25%-75%,None,Live story copy over background,both sides quiet,WebP,250 KB,both sides quiet
Home,Story,StorySection,Decorative background reuse,/site-images/home/story-section/story-roastery.png,Local,Tablet 768x1024,1,Browser measured,753,1669.78,753,1669.78,0.4510,1024,1536,0.6667,1812504,background (cover),50% 50%,hidden,0px,0.08,1.0871,1113.19,1669.78,360.19 horizontal,Left and right,67.64%,32.36%,16.18% left + 16.18% right,2000,1600,5:4,25%-75%,25%-75%,None,Live story copy over background,both sides quiet,WebP,250 KB,both sides quiet
Home,Story,StorySection,Decorative background reuse,/site-images/home/story-section/story-roastery.png,Local,Mobile 390x844,1,Browser measured,375,1428.03,375,1428.03,0.2626,1024,1536,0.6667,1812504,background (cover),50% 50%,hidden,0px,0.08,0.9297,952.02,1428.03,577.02 horizontal,Left and right,39.39%,60.61%,30.31% left + 30.31% right,2000,1600,5:4,25%-75%,25%-75%,None,Live story copy over background,both sides quiet,WebP,250 KB,both sides quiet
Products,Espresso Builder,EspressoBlendStudio,Dynamic builder background,/site-images/products/builders/espresso/background.png,Local,Desktop 1440x900,1,Code-defined / not rendered,,,,,,1717,916,1.8745,1673560,cover,50% 50%,hidden,0px,,,,,,,,,,2000,1600,5:4,25%-75%,25%-75%,None,N/A,N/A,WebP,250 KB,Dynamic module remained in Loading studio state during measurement; no fabricated rect
Products,Espresso Builder,EspressoBlendStudio,Dynamic builder background,/site-images/products/builders/espresso/background.png,Local,Laptop 1280x800,1,Code-defined / not rendered,,,,,,1717,916,1.8745,1673560,cover,50% 50%,hidden,0px,,,,,,,,,,2000,1600,5:4,25%-75%,25%-75%,None,N/A,N/A,WebP,250 KB,Dynamic module remained in Loading studio state during measurement; no fabricated rect
Products,Espresso Builder,EspressoBlendStudio,Dynamic builder background,/site-images/products/builders/espresso/background.png,Local,Tablet 768x1024,1,Code-defined / not rendered,,,,,,1717,916,1.8745,1673560,cover,50% 50%,hidden,0px,,,,,,,,,,2000,1600,5:4,25%-75%,25%-75%,None,N/A,N/A,WebP,250 KB,Dynamic module remained in Loading studio state during measurement; no fabricated rect
Products,Espresso Builder,EspressoBlendStudio,Dynamic builder background,/site-images/products/builders/espresso/background.png,Local,Mobile 390x844,1,Code-defined / not rendered,,,,,,1717,916,1.8745,1673560,cover,50% 50%,hidden,0px,,,,,,,,,,2000,1600,5:4,25%-75%,25%-75%,None,N/A,N/A,WebP,250 KB,Dynamic module remained in Loading studio state during measurement; no fabricated rect
Products,Flavor Builder,FlavorMixStudio,Dynamic builder background,/site-images/products/builders/flavor/background.png,Local,Desktop 1440x900,1,Code-defined / not rendered,,,,,,1024,1536,0.6667,1757726,cover,50% 50%,hidden,0px,,,,,,,,,,2000,1600,5:4,25%-75%,25%-75%,None,N/A,N/A,WebP,250 KB,Dynamic module remained in Loading studio state during measurement; no fabricated rect
Products,Flavor Builder,FlavorMixStudio,Dynamic builder background,/site-images/products/builders/flavor/background.png,Local,Laptop 1280x800,1,Code-defined / not rendered,,,,,,1024,1536,0.6667,1757726,cover,50% 50%,hidden,0px,,,,,,,,,,2000,1600,5:4,25%-75%,25%-75%,None,N/A,N/A,WebP,250 KB,Dynamic module remained in Loading studio state during measurement; no fabricated rect
Products,Flavor Builder,FlavorMixStudio,Dynamic builder background,/site-images/products/builders/flavor/background.png,Local,Tablet 768x1024,1,Code-defined / not rendered,,,,,,1024,1536,0.6667,1757726,cover,50% 50%,hidden,0px,,,,,,,,,,2000,1600,5:4,25%-75%,25%-75%,None,N/A,N/A,WebP,250 KB,Dynamic module remained in Loading studio state during measurement; no fabricated rect
Products,Flavor Builder,FlavorMixStudio,Dynamic builder background,/site-images/products/builders/flavor/background.png,Local,Mobile 390x844,1,Code-defined / not rendered,,,,,,1024,1536,0.6667,1757726,cover,50% 50%,hidden,0px,,,,,,,,,,2000,1600,5:4,25%-75%,25%-75%,None,N/A,N/A,WebP,250 KB,Dynamic module remained in Loading studio state during measurement; no fabricated rect
Products,Hero,ProductsPageHero,Background,/site-images/products/hero-section/background.png,Local,Desktop 1440x900,1,Browser measured,1425,405,1425,405,3.5185,1024,1536,0.6667,1812504,background (cover),50% 50%,hidden,0px,Live title/search over image,1.3916,1425.00,2137.50,1732.50 vertical,Top and bottom,18.95%,81.05%,40.53% top + 40.53% bottom,2400,1200,2:1,25%-75%,20%-80%,Live title/search over image,both sides quiet,both sides quiet,WebP,400 KB,Desktop crops 77.55% vertically
Products,Hero,ProductsPageHero,Background,/site-images/products/hero-section/background.png,Local,Laptop 1280x800,1,Browser measured,1265,360,1265,360,3.5139,1024,1536,0.6667,1812504,background (cover),50% 50%,hidden,0px,Live title/search over image,1.2354,1265.00,1897.50,1537.50 vertical,Top and bottom,18.97%,81.03%,40.51% top + 40.51% bottom,2400,1200,2:1,25%-75%,20%-80%,Live title/search over image,both sides quiet,both sides quiet,WebP,400 KB,Desktop crops 77.55% vertically
Products,Hero,ProductsPageHero,Background,/site-images/products/hero-section/background.png,Local,Tablet 768x1024,1,Browser measured,753,460.8,753,460.8,1.6341,1024,1536,0.6667,1812504,background (cover),50% 50%,hidden,0px,Live title/search over image,0.7354,753.00,1129.50,668.70 vertical,Top and bottom,40.80%,59.20%,29.60% top + 29.60% bottom,2400,1200,2:1,25%-75%,20%-80%,Live title/search over image,both sides quiet,both sides quiet,WebP,400 KB,Desktop crops 77.55% vertically
Products,Hero,ProductsPageHero,Background,/site-images/products/hero-section/background.png,Local,Mobile 390x844,1,Browser measured,375,379.8,375,379.8,0.9874,1024,1536,0.6667,1812504,background (cover),50% 50%,hidden,0px,Live title/search over image,0.3662,375.00,562.50,182.70 vertical,Top and bottom,67.52%,32.48%,16.24% top + 16.24% bottom,2400,1200,2:1,25%-75%,20%-80%,Live title/search over image,both sides quiet,both sides quiet,WebP,400 KB,Desktop crops 77.55% vertically
Product details,Gallery,ProductGallery,Fallback thumbnail,/site-images/products/product-detail/gallery-fallbacks/02-roastery.png,Local,Desktop 1440x900,1,Browser measured,98.27,98.27,96.27,96.27,1.0000,1024,1536,0.6667,1812504,cover,50% 50%,hidden,12px,,0.0940,96.27,144.41,48.14 vertical,Top and bottom,66.67%,33.33%,16.67% top + 16.67% bottom,512,512,1:1,15%-85%,15%-85%,None,None,None,WebP,60 KB,Can become main image when selected
Product details,Gallery,ProductGallery,Fallback thumbnail,/site-images/products/product-detail/gallery-fallbacks/02-roastery.png,Local,Laptop 1280x800,1,Browser measured,96.34,96.34,94.34,94.34,1.0000,1024,1536,0.6667,1812504,cover,50% 50%,hidden,12px,,0.0921,94.34,141.51,47.17 vertical,Top and bottom,66.67%,33.33%,16.67% top + 16.67% bottom,512,512,1:1,15%-85%,15%-85%,None,None,None,WebP,60 KB,Can become main image when selected
Product details,Gallery,ProductGallery,Fallback thumbnail,/site-images/products/product-detail/gallery-fallbacks/02-roastery.png,Local,Tablet 768x1024,1,Browser measured,167.75,167.75,165.75,165.75,1.0000,1024,1536,0.6667,1812504,cover,50% 50%,hidden,12px,,0.1619,165.75,248.63,82.88 vertical,Top and bottom,66.67%,33.33%,16.67% top + 16.67% bottom,512,512,1:1,15%-85%,15%-85%,None,None,None,WebP,60 KB,Can become main image when selected
Product details,Gallery,ProductGallery,Fallback thumbnail,/site-images/products/product-detail/gallery-fallbacks/02-roastery.png,Local,Mobile 390x844,1,Browser measured,73.25,73.25,71.25,71.25,1.0000,1024,1536,0.6667,1812504,cover,50% 50%,hidden,12px,,0.0696,71.25,106.88,35.63 vertical,Top and bottom,66.67%,33.33%,16.67% top + 16.67% bottom,512,512,1:1,15%-85%,15%-85%,None,None,None,WebP,60 KB,Can become main image when selected
Product details,Gallery,ProductGallery,Selected fallback main image,/site-images/products/product-detail/gallery-fallbacks/02-roastery.png,Local,Desktop 1440x900,1,Browser measured,443.06,675.59,441.06,551.33,0.8000,1024,1536,0.6667,1812504,cover,50% 50%,hidden,20px,,0.4307,441.06,661.59,110.26 vertical,Top and bottom,83.33%,16.67%,8.33% top + 8.33% bottom,1600,2000,4:5,15%-85%,10%-90%,None,None,None,WebP,300 KB,4:5 main viewport
Product details,Gallery,ProductGallery,Selected fallback main image,/site-images/products/product-detail/gallery-fallbacks/02-roastery.png,Local,Laptop 1280x800,1,Browser measured,435.38,664.06,433.38,541.72,0.8000,1024,1536,0.6667,1812504,cover,50% 50%,hidden,20px,,0.4232,433.38,650.07,108.35 vertical,Top and bottom,83.33%,16.67%,8.33% top + 8.33% bottom,1600,2000,4:5,15%-85%,10%-90%,None,None,None,WebP,300 KB,4:5 main viewport
Product details,Gallery,ProductGallery,Selected fallback main image,/site-images/products/product-detail/gallery-fallbacks/02-roastery.png,Local,Tablet 768x1024,1,Browser measured,721,1092.5,719,898.75,0.8000,1024,1536,0.6667,1812504,cover,50% 50%,hidden,20px,,0.7021,719.00,1078.50,179.75 vertical,Top and bottom,83.33%,16.67%,8.33% top + 8.33% bottom,1600,2000,4:5,15%-85%,10%-90%,None,None,None,WebP,300 KB,4:5 main viewport
Product details,Gallery,ProductGallery,Selected fallback main image,/site-images/products/product-detail/gallery-fallbacks/02-roastery.png,Local,Mobile 390x844,1,Browser measured,343,525.5,341,426.25,0.8000,1024,1536,0.6667,1812504,cover,50% 50%,hidden,20px,,0.3330,341.00,511.50,85.25 vertical,Top and bottom,83.33%,16.67%,8.33% top + 8.33% bottom,1600,2000,4:5,15%-85%,10%-90%,None,None,None,WebP,300 KB,4:5 main viewport
Product details,Gallery,ProductGallery,Fallback thumbnail,/site-images/products/product-detail/gallery-fallbacks/03-dark-roast.png,Local,Desktop 1440x900,1,Browser measured,98.27,98.27,96.27,96.27,1.0000,1717,916,1.8745,1673560,cover,50% 50%,hidden,12px,,0.1051,180.45,96.27,84.18 horizontal,Left and right,53.35%,46.65%,23.33% left + 23.33% right,512,512,1:1,15%-85%,15%-85%,None,None,None,WebP,60 KB,Wide source crops horizontally
Product details,Gallery,ProductGallery,Fallback thumbnail,/site-images/products/product-detail/gallery-fallbacks/03-dark-roast.png,Local,Laptop 1280x800,1,Browser measured,96.34,96.34,94.34,94.34,1.0000,1717,916,1.8745,1673560,cover,50% 50%,hidden,12px,,0.1030,176.84,94.34,82.50 horizontal,Left and right,53.35%,46.65%,23.33% left + 23.33% right,512,512,1:1,15%-85%,15%-85%,None,None,None,WebP,60 KB,Wide source crops horizontally
Product details,Gallery,ProductGallery,Fallback thumbnail,/site-images/products/product-detail/gallery-fallbacks/03-dark-roast.png,Local,Tablet 768x1024,1,Browser measured,167.75,167.75,165.75,165.75,1.0000,1717,916,1.8745,1673560,cover,50% 50%,hidden,12px,,0.1809,310.69,165.75,144.94 horizontal,Left and right,53.35%,46.65%,23.33% left + 23.33% right,512,512,1:1,15%-85%,15%-85%,None,None,None,WebP,60 KB,Wide source crops horizontally
Product details,Gallery,ProductGallery,Fallback thumbnail,/site-images/products/product-detail/gallery-fallbacks/03-dark-roast.png,Local,Mobile 390x844,1,Browser measured,73.25,73.25,71.25,71.25,1.0000,1717,916,1.8745,1673560,cover,50% 50%,hidden,12px,,0.0778,133.55,71.25,62.30 horizontal,Left and right,53.35%,46.65%,23.33% left + 23.33% right,512,512,1:1,15%-85%,15%-85%,None,None,None,WebP,60 KB,Wide source crops horizontally
Product details,Gallery,ProductGallery,Selected fallback main image,/site-images/products/product-detail/gallery-fallbacks/03-dark-roast.png,Local,Desktop 1440x900,1,Browser measured,443.06,675.59,441.06,551.33,0.8000,1717,916,1.8745,1673560,cover,50% 50%,hidden,20px,,0.6019,1033.44,551.33,592.38 horizontal,Left and right,42.68%,57.32%,28.66% left + 28.66% right,1600,2000,4:5,15%-85%,10%-90%,None,None,None,WebP,300 KB,Only 42.68% of source width remains
Product details,Gallery,ProductGallery,Selected fallback main image,/site-images/products/product-detail/gallery-fallbacks/03-dark-roast.png,Local,Laptop 1280x800,1,Browser measured,435.38,664.06,433.38,541.72,0.8000,1717,916,1.8745,1673560,cover,50% 50%,hidden,20px,,0.5914,1015.43,541.72,582.05 horizontal,Left and right,42.68%,57.32%,28.66% left + 28.66% right,1600,2000,4:5,15%-85%,10%-90%,None,None,None,WebP,300 KB,Only 42.68% of source width remains
Product details,Gallery,ProductGallery,Selected fallback main image,/site-images/products/product-detail/gallery-fallbacks/03-dark-roast.png,Local,Tablet 768x1024,1,Browser measured,721,1092.5,719,898.75,0.8000,1717,916,1.8745,1673560,cover,50% 50%,hidden,20px,,0.9812,1684.67,898.75,965.67 horizontal,Left and right,42.68%,57.32%,28.66% left + 28.66% right,1600,2000,4:5,15%-85%,10%-90%,None,None,None,WebP,300 KB,Only 42.68% of source width remains
Product details,Gallery,ProductGallery,Selected fallback main image,/site-images/products/product-detail/gallery-fallbacks/03-dark-roast.png,Local,Mobile 390x844,1,Browser measured,343,525.5,341,426.25,0.8000,1717,916,1.8745,1673560,cover,50% 50%,hidden,20px,,0.4653,798.99,426.25,457.99 horizontal,Left and right,42.68%,57.32%,28.66% left + 28.66% right,1600,2000,4:5,15%-85%,10%-90%,None,None,None,WebP,300 KB,Only 42.68% of source width remains
Products,Grid / Best Sellers / Search,ProductCard,Default fallback product,/site-images/products/shared/default-product.png,Local,Desktop 1440x900,1,Browser measured,306.67,341.78,304.67,190.41,1.6001,1024,1536,0.6667,2173874,cover,50% 50%,hidden,20px,,0.2975,304.67,457.00,266.60 vertical,Top and bottom,41.66%,58.34%,29.17% top + 29.17% bottom,1600,2000,4:5,15%-85%,10%-90%,None,None,None,WebP,300 KB,If a separate card artwork is introduced use 1600x1000 8:5
Products,Grid / Best Sellers / Search,ProductCard,Default fallback product,/site-images/products/shared/default-product.png,Local,Laptop 1280x800,1,Browser measured,301.67,338.66,299.67,187.28,1.6001,1024,1536,0.6667,2173874,cover,50% 50%,hidden,20px,,0.2926,299.67,449.50,262.23 vertical,Top and bottom,41.66%,58.34%,29.17% top + 29.17% bottom,1600,2000,4:5,15%-85%,10%-90%,None,None,None,WebP,300 KB,If a separate card artwork is introduced use 1600x1000 8:5
Products,Grid / Best Sellers / Search,ProductCard,Default fallback product,/site-images/products/shared/default-product.png,Local,Tablet 768x1024,1,Browser measured,350.5,343.38,348.5,192,1.8151,1024,1536,0.6667,2173874,cover,50% 50%,hidden,20px,,0.3403,348.50,522.75,330.75 vertical,Top and bottom,36.73%,63.27%,31.64% top + 31.64% bottom,1600,2000,4:5,15%-85%,10%-90%,None,None,None,WebP,300 KB,If a separate card artwork is introduced use 1600x1000 8:5
Products,Grid / Best Sellers / Search,ProductCard,Default fallback product,/site-images/products/shared/default-product.png,Local,Mobile 390x844,1,Browser measured,165.5,326.25,163.5,176,0.9290,1024,1536,0.6667,2173874,cover,50% 50%,hidden,20px,,0.1597,163.50,245.25,69.25 vertical,Top and bottom,71.76%,28.24%,14.12% top + 14.12% bottom,1600,2000,4:5,15%-85%,10%-90%,None,None,None,WebP,300 KB,If a separate card artwork is introduced use 1600x1000 8:5
Account,Account shell,AccountShell,Protected decorative background,/site-images/shared/account/background.png,Local,Desktop 1440x900,1,Code-defined / not rendered,,,,,,1717,916,1.8745,1673560,background (cover),50% 50%,hidden,0px,0.075,,,,,,,,,2000,1600,5:4,25%-75%,25%-75%,None,N/A,N/A,WebP,250 KB,Auth protected; no fabricated browser rect
Account,Account shell,AccountShell,Protected decorative background,/site-images/shared/account/background.png,Local,Laptop 1280x800,1,Code-defined / not rendered,,,,,,1717,916,1.8745,1673560,background (cover),50% 50%,hidden,0px,0.075,,,,,,,,,2000,1600,5:4,25%-75%,25%-75%,None,N/A,N/A,WebP,250 KB,Auth protected; no fabricated browser rect
Account,Account shell,AccountShell,Protected decorative background,/site-images/shared/account/background.png,Local,Tablet 768x1024,1,Code-defined / not rendered,,,,,,1717,916,1.8745,1673560,background (cover),50% 50%,hidden,0px,0.075,,,,,,,,,2000,1600,5:4,25%-75%,25%-75%,None,N/A,N/A,WebP,250 KB,Auth protected; no fabricated browser rect
Account,Account shell,AccountShell,Protected decorative background,/site-images/shared/account/background.png,Local,Mobile 390x844,1,Code-defined / not rendered,,,,,,1717,916,1.8745,1673560,background (cover),50% 50%,hidden,0px,0.075,,,,,,,,,2000,1600,5:4,25%-75%,25%-75%,None,N/A,N/A,WebP,250 KB,Auth protected; no fabricated browser rect
Auth,Auth shell,AuthCard,Background,/site-images/shared/auth/background.png,Local,Desktop 1440x900,1,Browser measured,1425,1026.39,1425,900,1.5833,1717,916,1.8745,1673560,cover,50% 50%,hidden,0px,0.14,0.9825,1687.01,900.00,262.01 horizontal,Left and right,84.47%,15.53%,7.77% left + 7.77% right,2000,1600,5:4,25%-75%,25%-75%,None,Form card overlays image,keep both sides quiet,WebP,250 KB,keep both sides quiet
Auth,Auth shell,AuthCard,Background,/site-images/shared/auth/background.png,Local,Laptop 1280x800,1,Browser measured,1265,823.75,1265,823.75,1.5357,1717,916,1.8745,1673560,cover,50% 50%,hidden,0px,0.14,0.8993,1544.08,823.75,279.08 horizontal,Left and right,81.93%,18.07%,9.04% left + 9.04% right,2000,1600,5:4,25%-75%,25%-75%,None,Form card overlays image,keep both sides quiet,WebP,250 KB,keep both sides quiet
Auth,Auth shell,AuthCard,Background,/site-images/shared/auth/background.png,Local,Tablet 768x1024,1,Browser measured,753,1024,753,1024,0.7354,1717,916,1.8745,1673560,cover,50% 50%,hidden,0px,0.14,1.1179,1919.44,1024.00,1166.44 horizontal,Left and right,39.23%,60.77%,30.38% left + 30.38% right,2000,1600,5:4,25%-75%,25%-75%,None,Form card overlays image,keep both sides quiet,WebP,250 KB,keep both sides quiet
Auth,Auth shell,AuthCard,Background,/site-images/shared/auth/background.png,Local,Mobile 390x844,1,Browser measured,375,844,375,844,0.4443,1717,916,1.8745,1673560,cover,50% 50%,hidden,0px,0.14,0.9214,1582.04,844.00,1207.04 horizontal,Left and right,23.70%,76.30%,38.15% left + 38.15% right,2000,1600,5:4,25%-75%,25%-75%,None,Form card overlays image,keep both sides quiet,WebP,250 KB,keep both sides quiet
Shared,Footer,PublicFooter,Decorative background,/site-images/shared/footer/background.png,Local,Desktop 1440x900,1,Browser measured,1425,425.5,1425,425.5,3.3490,1717,916,1.8745,1673560,background (cover),50% 50%,hidden,0px,0.06,0.8299,1425.00,760.22,334.72 vertical,Top and bottom,55.97%,44.03%,22.01% top + 22.01% bottom,2000,1600,5:4,25%-75%,25%-75%,None,Footer columns over image,N/A,WebP,250 KB,N/A
Shared,Footer,PublicFooter,Decorative background,/site-images/shared/footer/background.png,Local,Laptop 1280x800,1,Browser measured,1265,425.5,1265,425.5,2.9730,1717,916,1.8745,1673560,background (cover),50% 50%,hidden,0px,0.06,0.7368,1265.00,674.86,249.36 vertical,Top and bottom,63.05%,36.95%,18.48% top + 18.48% bottom,2000,1600,5:4,25%-75%,25%-75%,None,Footer columns over image,N/A,WebP,250 KB,N/A
Shared,Footer,PublicFooter,Decorative background,/site-images/shared/footer/background.png,Local,Tablet 768x1024,1,Browser measured,753,724.25,753,724.25,1.0397,1717,916,1.8745,1673560,background (cover),50% 50%,hidden,0px,0.06,0.7907,1357.57,724.25,604.57 horizontal,Left and right,55.47%,44.53%,22.27% left + 22.27% right,2000,1600,5:4,25%-75%,25%-75%,None,Footer columns over image,N/A,WebP,250 KB,N/A
Shared,Footer,PublicFooter,Decorative background,/site-images/shared/footer/background.png,Local,Mobile 390x844,1,Browser measured,375,1108.25,375,1108.25,0.3384,1717,916,1.8745,1673560,background (cover),50% 50%,hidden,0px,0.06,1.2099,2077.36,1108.25,1702.36 horizontal,Left and right,18.05%,81.95%,40.97% left + 40.97% right,2000,1600,5:4,25%-75%,25%-75%,None,Footer columns over image,N/A,WebP,250 KB,N/A
Legal,Hero,LegalPageLayout,Background,/site-images/shared/legal/background.png,Local,Desktop 1440x900,1,Browser measured,1425,292.39,1425,292.39,4.8736,1717,916,1.8745,1673560,background (cover),50% 50%,hidden,0px,Live title over image,0.8299,1425.00,760.22,467.83 vertical,Top and bottom,38.46%,61.54%,30.77% top + 30.77% bottom,2400,1000,12:5,25%-75%,20%-80%,Live title over image,both sides quiet,both sides quiet,WebP,350 KB,Crop axis changes on mobile
Legal,Hero,LegalPageLayout,Background,/site-images/shared/legal/background.png,Local,Laptop 1280x800,1,Browser measured,1265,292.39,1265,292.39,4.3264,1717,916,1.8745,1673560,background (cover),50% 50%,hidden,0px,Live title over image,0.7368,1265.00,674.86,382.47 vertical,Top and bottom,43.33%,56.67%,28.34% top + 28.34% bottom,2400,1000,12:5,25%-75%,20%-80%,Live title over image,both sides quiet,both sides quiet,WebP,350 KB,Crop axis changes on mobile
Legal,Hero,LegalPageLayout,Background,/site-images/shared/legal/background.png,Local,Tablet 768x1024,1,Browser measured,753,292.39,753,292.39,2.5753,1717,916,1.8745,1673560,background (cover),50% 50%,hidden,0px,Live title over image,0.4386,753.00,401.72,109.33 vertical,Top and bottom,72.79%,27.21%,13.61% top + 13.61% bottom,2400,1000,12:5,25%-75%,20%-80%,Live title over image,both sides quiet,both sides quiet,WebP,350 KB,Crop axis changes on mobile
Legal,Hero,LegalPageLayout,Background,/site-images/shared/legal/background.png,Local,Mobile 390x844,1,Browser measured,375,287.14,375,287.14,1.3060,1717,916,1.8745,1673560,background (cover),50% 50%,hidden,0px,Live title over image,0.3135,538.23,287.14,163.23 horizontal,Left and right,69.67%,30.33%,15.16% left + 15.16% right,2400,1000,12:5,25%-75%,20%-80%,Live title over image,both sides quiet,both sides quiet,WebP,350 KB,Crop axis changes on mobile
Admin,Sidebar,AdminSidebar,Collapsed official logo,/site-images/shared/logos/line-coffee-colored.svg,Local,Desktop 1440x900,1,Code-defined / not rendered,,,,,,709,304,2.3322,53154,contain,50% 50%,hidden,0px,,,,,,,,,,709,304,709:304,0%-100%,0%-100%,None,N/A,N/A,SVG,Use official file,Code-defined 32x32; protected
Admin,Sidebar,AdminSidebar,Collapsed official logo,/site-images/shared/logos/line-coffee-colored.svg,Local,Laptop 1280x800,1,Code-defined / not rendered,,,,,,709,304,2.3322,53154,contain,50% 50%,hidden,0px,,,,,,,,,,709,304,709:304,0%-100%,0%-100%,None,N/A,N/A,SVG,Use official file,Code-defined 32x32; protected
Admin,Sidebar,AdminSidebar,Collapsed official logo,/site-images/shared/logos/line-coffee-colored.svg,Local,Tablet 768x1024,1,Code-defined / not rendered,,,,,,709,304,2.3322,53154,contain,50% 50%,hidden,0px,,,,,,,,,,709,304,709:304,0%-100%,0%-100%,None,N/A,N/A,SVG,Use official file,Code-defined 32x32; protected
Admin,Sidebar,AdminSidebar,Collapsed official logo,/site-images/shared/logos/line-coffee-colored.svg,Local,Mobile 390x844,1,Code-defined / not rendered,,,,,,709,304,2.3322,53154,contain,50% 50%,hidden,0px,,,,,,,,,,709,304,709:304,0%-100%,0%-100%,None,N/A,N/A,SVG,Use official file,Code-defined 32x32; protected
Shared,Header,PublicHeader,Official logo,/site-images/shared/logos/line-coffee-white.svg,Local,Desktop 1440x900,1,Browser measured,192,64,192,64,3.0000,709,304,2.3322,52766,contain,50% 50%,hidden,0px,,N/A,192.00,64.00,0,None,100.00%,0.00%,0%,709,304,709:304,0%-100%,0%-100%,None,N/A,N/A,SVG,Use official file,Official byte-for-byte SVG
Shared,Header,PublicHeader,Official logo,/site-images/shared/logos/line-coffee-white.svg,Local,Laptop 1280x800,1,Browser measured,192,64,192,64,3.0000,709,304,2.3322,52766,contain,50% 50%,hidden,0px,,N/A,192.00,64.00,0,None,100.00%,0.00%,0%,709,304,709:304,0%-100%,0%-100%,None,N/A,N/A,SVG,Use official file,Official byte-for-byte SVG
Shared,Header,PublicHeader,Official logo,/site-images/shared/logos/line-coffee-white.svg,Local,Tablet 768x1024,1,Browser measured,128.86,64,128.86,64,2.0134,709,304,2.3322,52766,contain,50% 50%,hidden,0px,,N/A,128.86,64.00,0,None,100.00%,0.00%,0%,709,304,709:304,0%-100%,0%-100%,None,N/A,N/A,SVG,Use official file,Official byte-for-byte SVG
Shared,Header,PublicHeader,Official logo,/site-images/shared/logos/line-coffee-white.svg,Local,Mobile 390x844,1,Browser measured,112,40,112,40,2.8000,709,304,2.3322,52766,contain,50% 50%,hidden,0px,,N/A,112.00,40.00,0,None,100.00%,0.00%,0%,709,304,709:304,0%-100%,0%-100%,None,N/A,N/A,SVG,Use official file,Official byte-for-byte SVG
Shared,Footer,PublicFooter,Official logo,/site-images/shared/logos/line-coffee-white.svg,Local,Desktop 1440x900,1,Browser measured,288,96,288,96,3.0000,709,304,2.3322,52766,contain,50% 50%,hidden,0px,,N/A,288.00,96.00,0,None,100.00%,0.00%,0%,709,304,709:304,0%-100%,0%-100%,None,N/A,N/A,SVG,Use official file,Official byte-for-byte SVG
Shared,Footer,PublicFooter,Official logo,/site-images/shared/logos/line-coffee-white.svg,Local,Laptop 1280x800,1,Browser measured,288,96,288,96,3.0000,709,304,2.3322,52766,contain,50% 50%,hidden,0px,,N/A,288.00,96.00,0,None,100.00%,0.00%,0%,709,304,709:304,0%-100%,0%-100%,None,N/A,N/A,SVG,Use official file,Official byte-for-byte SVG
Shared,Footer,PublicFooter,Official logo,/site-images/shared/logos/line-coffee-white.svg,Local,Tablet 768x1024,1,Browser measured,288,96,288,96,3.0000,709,304,2.3322,52766,contain,50% 50%,hidden,0px,,N/A,288.00,96.00,0,None,100.00%,0.00%,0%,709,304,709:304,0%-100%,0%-100%,None,N/A,N/A,SVG,Use official file,Official byte-for-byte SVG
Shared,Footer,PublicFooter,Official logo,/site-images/shared/logos/line-coffee-white.svg,Local,Mobile 390x844,1,Browser measured,256,80,256,80,3.2000,709,304,2.3322,52766,contain,50% 50%,hidden,0px,,N/A,256.00,80.00,0,None,100.00%,0.00%,0%,709,304,709:304,0%-100%,0%-100%,None,N/A,N/A,SVG,Use official file,Official byte-for-byte SVG
Auth,Auth card,AuthCard,Official logo,/site-images/shared/logos/line-coffee-white.svg,Local,Desktop 1440x900,1,Browser measured,192,64,192,64,3.0000,709,304,2.3322,52766,contain,50% 50%,hidden,0px,,N/A,192.00,64.00,0,None,100.00%,0.00%,0%,709,304,709:304,0%-100%,0%-100%,None,N/A,N/A,SVG,Use official file,Official byte-for-byte SVG
Auth,Auth card,AuthCard,Official logo,/site-images/shared/logos/line-coffee-white.svg,Local,Laptop 1280x800,1,Browser measured,192,64,192,64,3.0000,709,304,2.3322,52766,contain,50% 50%,hidden,0px,,N/A,192.00,64.00,0,None,100.00%,0.00%,0%,709,304,709:304,0%-100%,0%-100%,None,N/A,N/A,SVG,Use official file,Official byte-for-byte SVG
Auth,Auth card,AuthCard,Official logo,/site-images/shared/logos/line-coffee-white.svg,Local,Tablet 768x1024,1,Browser measured,192,64,192,64,3.0000,709,304,2.3322,52766,contain,50% 50%,hidden,0px,,N/A,192.00,64.00,0,None,100.00%,0.00%,0%,709,304,709:304,0%-100%,0%-100%,None,N/A,N/A,SVG,Use official file,Official byte-for-byte SVG
Auth,Auth card,AuthCard,Official logo,/site-images/shared/logos/line-coffee-white.svg,Local,Mobile 390x844,1,Browser measured,192,64,192,64,3.0000,709,304,2.3322,52766,contain,50% 50%,hidden,0px,,N/A,192.00,64.00,0,None,100.00%,0.00%,0%,709,304,709:304,0%-100%,0%-100%,None,N/A,N/A,SVG,Use official file,Official byte-for-byte SVG
Admin,Sidebar,AdminSidebar,Expanded official logo,/site-images/shared/logos/line-coffee-white.svg,Local,Desktop 1440x900,1,Code-defined / not rendered,,,,,,709,304,2.3322,52766,contain,50% 50%,hidden,0px,,,,,,,,,,709,304,709:304,0%-100%,0%-100%,None,N/A,N/A,SVG,Use official file,Code-defined 176x46; protected
Admin,Sidebar,AdminSidebar,Expanded official logo,/site-images/shared/logos/line-coffee-white.svg,Local,Laptop 1280x800,1,Code-defined / not rendered,,,,,,709,304,2.3322,52766,contain,50% 50%,hidden,0px,,,,,,,,,,709,304,709:304,0%-100%,0%-100%,None,N/A,N/A,SVG,Use official file,Code-defined 176x46; protected
Admin,Sidebar,AdminSidebar,Expanded official logo,/site-images/shared/logos/line-coffee-white.svg,Local,Tablet 768x1024,1,Code-defined / not rendered,,,,,,709,304,2.3322,52766,contain,50% 50%,hidden,0px,,,,,,,,,,709,304,709:304,0%-100%,0%-100%,None,N/A,N/A,SVG,Use official file,Code-defined 176x46; protected
Admin,Sidebar,AdminSidebar,Expanded official logo,/site-images/shared/logos/line-coffee-white.svg,Local,Mobile 390x844,1,Code-defined / not rendered,,,,,,709,304,2.3322,52766,contain,50% 50%,hidden,0px,,,,,,,,,,709,304,709:304,0%-100%,0%-100%,None,N/A,N/A,SVG,Use official file,Code-defined 176x46; protected
Products,Product grid / Best Sellers / Search,ProductCard,Cappuccino fallback,/site-images/products/categories/cappuccino/fallback.png,Local,Desktop 1440x900,1,Browser measured,306.67,341.78,304.67,190.41,1.6001,1122,1402,0.8003,1999822,cover,50% 50%,hidden,20px,,0.2715,304.67,380.70,190.29 vertical,Top and bottom,50.02%,49.98%,24.99% top + 24.99% bottom,1600,2000,4:5,15%-85%,10%-90%,None,N/A,N/A,WebP,300 KB,Measured rules use High Mood sample; uploaded Supabase images switch to contain
Products,Product grid / Best Sellers / Search,ProductCard,Cappuccino fallback,/site-images/products/categories/cappuccino/fallback.png,Local,Laptop 1280x800,1,Browser measured,301.67,338.66,299.67,187.28,1.6001,1122,1402,0.8003,1999822,cover,50% 50%,hidden,20px,,0.2671,299.67,374.45,187.17 vertical,Top and bottom,50.01%,49.99%,24.99% top + 24.99% bottom,1600,2000,4:5,15%-85%,10%-90%,None,N/A,N/A,WebP,300 KB,Measured rules use High Mood sample; uploaded Supabase images switch to contain
Products,Product grid / Best Sellers / Search,ProductCard,Cappuccino fallback,/site-images/products/categories/cappuccino/fallback.png,Local,Tablet 768x1024,1,Browser measured,350.5,343.38,348.5,192,1.8151,1122,1402,0.8003,1999822,cover,50% 50%,hidden,20px,,0.3106,348.50,435.47,243.47 vertical,Top and bottom,44.09%,55.91%,27.95% top + 27.95% bottom,1600,2000,4:5,15%-85%,10%-90%,None,N/A,N/A,WebP,300 KB,Measured rules use High Mood sample; uploaded Supabase images switch to contain
Products,Product grid / Best Sellers / Search,ProductCard,Cappuccino fallback,/site-images/products/categories/cappuccino/fallback.png,Local,Mobile 390x844,1,Browser measured,165.5,326.25,163.5,176,0.9290,1122,1402,0.8003,1999822,cover,50% 50%,hidden,20px,,0.1457,163.50,204.30,28.30 vertical,Top and bottom,86.15%,13.85%,6.93% top + 6.93% bottom,1600,2000,4:5,15%-85%,10%-90%,None,N/A,N/A,WebP,300 KB,Measured rules use High Mood sample; uploaded Supabase images switch to contain
Category: Cappuccino,Category grid / filtered search,CatalogProductCard,Cappuccino fallback,/site-images/products/categories/cappuccino/fallback.png,Local,Desktop 1440x900,1,Browser measured,405.33,489.33,403.33,252.08,1.6000,1122,1402,0.8003,1999822,cover,50% 50%,hidden,20px,,0.3595,403.33,503.98,251.90 vertical,Top and bottom,50.02%,49.98%,24.99% top + 24.99% bottom,1600,2000,4:5,15%-85%,10%-90%,None,N/A,N/A,WebP,300 KB,8:5 image viewport
Category: Cappuccino,Category grid / filtered search,CatalogProductCard,Cappuccino fallback,/site-images/products/categories/cappuccino/fallback.png,Local,Laptop 1280x800,1,Browser measured,400.33,486.2,398.33,248.95,1.6000,1122,1402,0.8003,1999822,cover,50% 50%,hidden,20px,,0.3550,398.33,497.73,248.78 vertical,Top and bottom,50.02%,49.98%,24.99% top + 24.99% bottom,1600,2000,4:5,15%-85%,10%-90%,None,N/A,N/A,WebP,300 KB,8:5 image viewport
Category: Cappuccino,Category grid / filtered search,CatalogProductCard,Cappuccino fallback,/site-images/products/categories/cappuccino/fallback.png,Local,Tablet 768x1024,1,Browser measured,352.5,456.31,350.5,219.06,1.6000,1122,1402,0.8003,1999822,cover,50% 50%,hidden,20px,,0.3124,350.50,437.97,218.91 vertical,Top and bottom,50.02%,49.98%,24.99% top + 24.99% bottom,1600,2000,4:5,15%-85%,10%-90%,None,N/A,N/A,WebP,300 KB,8:5 image viewport
Category: Cappuccino,Category grid / filtered search,CatalogProductCard,Cappuccino fallback,/site-images/products/categories/cappuccino/fallback.png,Local,Mobile 390x844,1,Browser measured,343,442.63,341,213.13,1.6000,1122,1402,0.8003,1999822,cover,50% 50%,hidden,20px,,0.3039,341.00,426.10,212.97 vertical,Top and bottom,50.02%,49.98%,24.99% top + 24.99% bottom,1600,2000,4:5,15%-85%,10%-90%,None,N/A,N/A,WebP,300 KB,8:5 image viewport
Products,Product grid / Best Sellers / Search,ProductCard,Coffee Mix fallback,/site-images/products/categories/coffee-mix/fallback.png,Local,Desktop 1440x900,1,Browser measured,306.67,341.78,304.67,190.41,1.6001,1024,1536,0.6667,2173874,cover,50% 50%,hidden,20px,,0.2975,304.67,457.00,266.60 vertical,Top and bottom,41.66%,58.34%,29.17% top + 29.17% bottom,1600,2000,4:5,15%-85%,10%-90%,None,N/A,N/A,WebP,300 KB,Measured rules use High Mood sample; uploaded Supabase images switch to contain
Products,Product grid / Best Sellers / Search,ProductCard,Coffee Mix fallback,/site-images/products/categories/coffee-mix/fallback.png,Local,Laptop 1280x800,1,Browser measured,301.67,338.66,299.67,187.28,1.6001,1024,1536,0.6667,2173874,cover,50% 50%,hidden,20px,,0.2926,299.67,449.50,262.23 vertical,Top and bottom,41.66%,58.34%,29.17% top + 29.17% bottom,1600,2000,4:5,15%-85%,10%-90%,None,N/A,N/A,WebP,300 KB,Measured rules use High Mood sample; uploaded Supabase images switch to contain
Products,Product grid / Best Sellers / Search,ProductCard,Coffee Mix fallback,/site-images/products/categories/coffee-mix/fallback.png,Local,Tablet 768x1024,1,Browser measured,350.5,343.38,348.5,192,1.8151,1024,1536,0.6667,2173874,cover,50% 50%,hidden,20px,,0.3403,348.50,522.75,330.75 vertical,Top and bottom,36.73%,63.27%,31.64% top + 31.64% bottom,1600,2000,4:5,15%-85%,10%-90%,None,N/A,N/A,WebP,300 KB,Measured rules use High Mood sample; uploaded Supabase images switch to contain
Products,Product grid / Best Sellers / Search,ProductCard,Coffee Mix fallback,/site-images/products/categories/coffee-mix/fallback.png,Local,Mobile 390x844,1,Browser measured,165.5,326.25,163.5,176,0.9290,1024,1536,0.6667,2173874,cover,50% 50%,hidden,20px,,0.1597,163.50,245.25,69.25 vertical,Top and bottom,71.76%,28.24%,14.12% top + 14.12% bottom,1600,2000,4:5,15%-85%,10%-90%,None,N/A,N/A,WebP,300 KB,Measured rules use High Mood sample; uploaded Supabase images switch to contain
Category: Coffee Mix,Category grid / filtered search,CatalogProductCard,Coffee Mix fallback,/site-images/products/categories/coffee-mix/fallback.png,Local,Desktop 1440x900,1,Browser measured,405.33,489.33,403.33,252.08,1.6000,1024,1536,0.6667,2173874,cover,50% 50%,hidden,20px,,0.3939,403.33,605.00,352.91 vertical,Top and bottom,41.67%,58.33%,29.17% top + 29.17% bottom,1600,2000,4:5,15%-85%,10%-90%,None,N/A,N/A,WebP,300 KB,8:5 image viewport
Category: Coffee Mix,Category grid / filtered search,CatalogProductCard,Coffee Mix fallback,/site-images/products/categories/coffee-mix/fallback.png,Local,Laptop 1280x800,1,Browser measured,400.33,486.2,398.33,248.95,1.6000,1024,1536,0.6667,2173874,cover,50% 50%,hidden,20px,,0.3890,398.33,597.50,348.55 vertical,Top and bottom,41.67%,58.33%,29.17% top + 29.17% bottom,1600,2000,4:5,15%-85%,10%-90%,None,N/A,N/A,WebP,300 KB,8:5 image viewport
Category: Coffee Mix,Category grid / filtered search,CatalogProductCard,Coffee Mix fallback,/site-images/products/categories/coffee-mix/fallback.png,Local,Tablet 768x1024,1,Browser measured,352.5,456.31,350.5,219.06,1.6000,1024,1536,0.6667,2173874,cover,50% 50%,hidden,20px,,0.3423,350.50,525.75,306.69 vertical,Top and bottom,41.67%,58.33%,29.17% top + 29.17% bottom,1600,2000,4:5,15%-85%,10%-90%,None,N/A,N/A,WebP,300 KB,8:5 image viewport
Category: Coffee Mix,Category grid / filtered search,CatalogProductCard,Coffee Mix fallback,/site-images/products/categories/coffee-mix/fallback.png,Local,Mobile 390x844,1,Browser measured,343,442.63,341,213.13,1.6000,1024,1536,0.6667,2173874,cover,50% 50%,hidden,20px,,0.3330,341.00,511.50,298.37 vertical,Top and bottom,41.67%,58.33%,29.17% top + 29.17% bottom,1600,2000,4:5,15%-85%,10%-90%,None,N/A,N/A,WebP,300 KB,8:5 image viewport
Products,Product grid / Best Sellers / Search,ProductCard,Easy Coffee fallback,/site-images/products/categories/easy-coffee/fallback.png,Local,Desktop 1440x900,1,Browser measured,306.67,341.78,304.67,190.41,1.6001,1086,1448,0.7500,2000481,cover,50% 50%,hidden,20px,,0.2805,304.67,406.23,215.82 vertical,Top and bottom,46.87%,53.13%,26.56% top + 26.56% bottom,1600,2000,4:5,15%-85%,10%-90%,None,N/A,N/A,WebP,300 KB,Measured rules use High Mood sample; uploaded Supabase images switch to contain
Products,Product grid / Best Sellers / Search,ProductCard,Easy Coffee fallback,/site-images/products/categories/easy-coffee/fallback.png,Local,Laptop 1280x800,1,Browser measured,301.67,338.66,299.67,187.28,1.6001,1086,1448,0.7500,2000481,cover,50% 50%,hidden,20px,,0.2759,299.67,399.56,212.28 vertical,Top and bottom,46.87%,53.13%,26.56% top + 26.56% bottom,1600,2000,4:5,15%-85%,10%-90%,None,N/A,N/A,WebP,300 KB,Measured rules use High Mood sample; uploaded Supabase images switch to contain
Products,Product grid / Best Sellers / Search,ProductCard,Easy Coffee fallback,/site-images/products/categories/easy-coffee/fallback.png,Local,Tablet 768x1024,1,Browser measured,350.5,343.38,348.5,192,1.8151,1086,1448,0.7500,2000481,cover,50% 50%,hidden,20px,,0.3209,348.50,464.67,272.67 vertical,Top and bottom,41.32%,58.68%,29.34% top + 29.34% bottom,1600,2000,4:5,15%-85%,10%-90%,None,N/A,N/A,WebP,300 KB,Measured rules use High Mood sample; uploaded Supabase images switch to contain
Products,Product grid / Best Sellers / Search,ProductCard,Easy Coffee fallback,/site-images/products/categories/easy-coffee/fallback.png,Local,Mobile 390x844,1,Browser measured,165.5,326.25,163.5,176,0.9290,1086,1448,0.7500,2000481,cover,50% 50%,hidden,20px,,0.1506,163.50,218.00,42.00 vertical,Top and bottom,80.73%,19.27%,9.63% top + 9.63% bottom,1600,2000,4:5,15%-85%,10%-90%,None,N/A,N/A,WebP,300 KB,Measured rules use High Mood sample; uploaded Supabase images switch to contain
Category: Easy Coffee,Category grid / filtered search,CatalogProductCard,Easy Coffee fallback,/site-images/products/categories/easy-coffee/fallback.png,Local,Desktop 1440x900,1,Browser measured,405.33,489.33,403.33,252.08,1.6000,1086,1448,0.7500,2000481,cover,50% 50%,hidden,20px,,0.3714,403.33,537.77,285.69 vertical,Top and bottom,46.87%,53.13%,26.56% top + 26.56% bottom,1600,2000,4:5,15%-85%,10%-90%,None,N/A,N/A,WebP,300 KB,8:5 image viewport
Category: Easy Coffee,Category grid / filtered search,CatalogProductCard,Easy Coffee fallback,/site-images/products/categories/easy-coffee/fallback.png,Local,Laptop 1280x800,1,Browser measured,400.33,486.2,398.33,248.95,1.6000,1086,1448,0.7500,2000481,cover,50% 50%,hidden,20px,,0.3668,398.33,531.11,282.16 vertical,Top and bottom,46.87%,53.13%,26.56% top + 26.56% bottom,1600,2000,4:5,15%-85%,10%-90%,None,N/A,N/A,WebP,300 KB,8:5 image viewport
Category: Easy Coffee,Category grid / filtered search,CatalogProductCard,Easy Coffee fallback,/site-images/products/categories/easy-coffee/fallback.png,Local,Tablet 768x1024,1,Browser measured,352.5,456.31,350.5,219.06,1.6000,1086,1448,0.7500,2000481,cover,50% 50%,hidden,20px,,0.3227,350.50,467.33,248.27 vertical,Top and bottom,46.87%,53.13%,26.56% top + 26.56% bottom,1600,2000,4:5,15%-85%,10%-90%,None,N/A,N/A,WebP,300 KB,8:5 image viewport
Category: Easy Coffee,Category grid / filtered search,CatalogProductCard,Easy Coffee fallback,/site-images/products/categories/easy-coffee/fallback.png,Local,Mobile 390x844,1,Browser measured,343,442.63,341,213.13,1.6000,1086,1448,0.7500,2000481,cover,50% 50%,hidden,20px,,0.3140,341.00,454.67,241.54 vertical,Top and bottom,46.88%,53.12%,26.56% top + 26.56% bottom,1600,2000,4:5,15%-85%,10%-90%,None,N/A,N/A,WebP,300 KB,8:5 image viewport
Products,Product grid / Best Sellers / Search,ProductCard,Espresso Blends fallback,/site-images/products/categories/espresso-blends/fallback.png,Local,Desktop 1440x900,1,Browser measured,306.67,341.78,304.67,190.41,1.6001,1024,1536,0.6667,2122431,cover,50% 50%,hidden,20px,,0.2975,304.67,457.00,266.60 vertical,Top and bottom,41.66%,58.34%,29.17% top + 29.17% bottom,1600,2000,4:5,15%-85%,10%-90%,None,N/A,N/A,WebP,300 KB,Measured rules use High Mood sample; uploaded Supabase images switch to contain
Products,Product grid / Best Sellers / Search,ProductCard,Espresso Blends fallback,/site-images/products/categories/espresso-blends/fallback.png,Local,Laptop 1280x800,1,Browser measured,301.67,338.66,299.67,187.28,1.6001,1024,1536,0.6667,2122431,cover,50% 50%,hidden,20px,,0.2926,299.67,449.50,262.23 vertical,Top and bottom,41.66%,58.34%,29.17% top + 29.17% bottom,1600,2000,4:5,15%-85%,10%-90%,None,N/A,N/A,WebP,300 KB,Measured rules use High Mood sample; uploaded Supabase images switch to contain
Products,Product grid / Best Sellers / Search,ProductCard,Espresso Blends fallback,/site-images/products/categories/espresso-blends/fallback.png,Local,Tablet 768x1024,1,Browser measured,350.5,343.38,348.5,192,1.8151,1024,1536,0.6667,2122431,cover,50% 50%,hidden,20px,,0.3403,348.50,522.75,330.75 vertical,Top and bottom,36.73%,63.27%,31.64% top + 31.64% bottom,1600,2000,4:5,15%-85%,10%-90%,None,N/A,N/A,WebP,300 KB,Measured rules use High Mood sample; uploaded Supabase images switch to contain
Products,Product grid / Best Sellers / Search,ProductCard,Espresso Blends fallback,/site-images/products/categories/espresso-blends/fallback.png,Local,Mobile 390x844,1,Browser measured,165.5,326.25,163.5,176,0.9290,1024,1536,0.6667,2122431,cover,50% 50%,hidden,20px,,0.1597,163.50,245.25,69.25 vertical,Top and bottom,71.76%,28.24%,14.12% top + 14.12% bottom,1600,2000,4:5,15%-85%,10%-90%,None,N/A,N/A,WebP,300 KB,Measured rules use High Mood sample; uploaded Supabase images switch to contain
Category: Espresso Blends,Category grid / filtered search,CatalogProductCard,Espresso Blends fallback,/site-images/products/categories/espresso-blends/fallback.png,Local,Desktop 1440x900,1,Browser measured,405.33,489.33,403.33,252.08,1.6000,1024,1536,0.6667,2122431,cover,50% 50%,hidden,20px,,0.3939,403.33,605.00,352.91 vertical,Top and bottom,41.67%,58.33%,29.17% top + 29.17% bottom,1600,2000,4:5,15%-85%,10%-90%,None,N/A,N/A,WebP,300 KB,8:5 image viewport
Category: Espresso Blends,Category grid / filtered search,CatalogProductCard,Espresso Blends fallback,/site-images/products/categories/espresso-blends/fallback.png,Local,Laptop 1280x800,1,Browser measured,400.33,486.2,398.33,248.95,1.6000,1024,1536,0.6667,2122431,cover,50% 50%,hidden,20px,,0.3890,398.33,597.50,348.55 vertical,Top and bottom,41.67%,58.33%,29.17% top + 29.17% bottom,1600,2000,4:5,15%-85%,10%-90%,None,N/A,N/A,WebP,300 KB,8:5 image viewport
Category: Espresso Blends,Category grid / filtered search,CatalogProductCard,Espresso Blends fallback,/site-images/products/categories/espresso-blends/fallback.png,Local,Tablet 768x1024,1,Browser measured,352.5,456.31,350.5,219.06,1.6000,1024,1536,0.6667,2122431,cover,50% 50%,hidden,20px,,0.3423,350.50,525.75,306.69 vertical,Top and bottom,41.67%,58.33%,29.17% top + 29.17% bottom,1600,2000,4:5,15%-85%,10%-90%,None,N/A,N/A,WebP,300 KB,8:5 image viewport
Category: Espresso Blends,Category grid / filtered search,CatalogProductCard,Espresso Blends fallback,/site-images/products/categories/espresso-blends/fallback.png,Local,Mobile 390x844,1,Browser measured,343,442.63,341,213.13,1.6000,1024,1536,0.6667,2122431,cover,50% 50%,hidden,20px,,0.3330,341.00,511.50,298.37 vertical,Top and bottom,41.67%,58.33%,29.17% top + 29.17% bottom,1600,2000,4:5,15%-85%,10%-90%,None,N/A,N/A,WebP,300 KB,8:5 image viewport
Products,Product grid / Best Sellers / Search,ProductCard,Flavor Coffee fallback,/site-images/products/categories/flavor-coffee/fallback.png,Local,Desktop 1440x900,1,Browser measured,306.67,341.78,304.67,190.41,1.6001,1122,1402,0.8003,1851762,cover,50% 50%,hidden,20px,,0.2715,304.67,380.70,190.29 vertical,Top and bottom,50.02%,49.98%,24.99% top + 24.99% bottom,1600,2000,4:5,15%-85%,10%-90%,None,N/A,N/A,WebP,300 KB,Measured rules use High Mood sample; uploaded Supabase images switch to contain
Products,Product grid / Best Sellers / Search,ProductCard,Flavor Coffee fallback,/site-images/products/categories/flavor-coffee/fallback.png,Local,Laptop 1280x800,1,Browser measured,301.67,338.66,299.67,187.28,1.6001,1122,1402,0.8003,1851762,cover,50% 50%,hidden,20px,,0.2671,299.67,374.45,187.17 vertical,Top and bottom,50.01%,49.99%,24.99% top + 24.99% bottom,1600,2000,4:5,15%-85%,10%-90%,None,N/A,N/A,WebP,300 KB,Measured rules use High Mood sample; uploaded Supabase images switch to contain
Products,Product grid / Best Sellers / Search,ProductCard,Flavor Coffee fallback,/site-images/products/categories/flavor-coffee/fallback.png,Local,Tablet 768x1024,1,Browser measured,350.5,343.38,348.5,192,1.8151,1122,1402,0.8003,1851762,cover,50% 50%,hidden,20px,,0.3106,348.50,435.47,243.47 vertical,Top and bottom,44.09%,55.91%,27.95% top + 27.95% bottom,1600,2000,4:5,15%-85%,10%-90%,None,N/A,N/A,WebP,300 KB,Measured rules use High Mood sample; uploaded Supabase images switch to contain
Products,Product grid / Best Sellers / Search,ProductCard,Flavor Coffee fallback,/site-images/products/categories/flavor-coffee/fallback.png,Local,Mobile 390x844,1,Browser measured,165.5,326.25,163.5,176,0.9290,1122,1402,0.8003,1851762,cover,50% 50%,hidden,20px,,0.1457,163.50,204.30,28.30 vertical,Top and bottom,86.15%,13.85%,6.93% top + 6.93% bottom,1600,2000,4:5,15%-85%,10%-90%,None,N/A,N/A,WebP,300 KB,Measured rules use High Mood sample; uploaded Supabase images switch to contain
Category: Flavor Coffee,Category grid / filtered search,CatalogProductCard,Flavor Coffee fallback,/site-images/products/categories/flavor-coffee/fallback.png,Local,Desktop 1440x900,1,Browser measured,405.33,489.33,403.33,252.08,1.6000,1122,1402,0.8003,1851762,cover,50% 50%,hidden,20px,,0.3595,403.33,503.98,251.90 vertical,Top and bottom,50.02%,49.98%,24.99% top + 24.99% bottom,1600,2000,4:5,15%-85%,10%-90%,None,N/A,N/A,WebP,300 KB,8:5 image viewport
Category: Flavor Coffee,Category grid / filtered search,CatalogProductCard,Flavor Coffee fallback,/site-images/products/categories/flavor-coffee/fallback.png,Local,Laptop 1280x800,1,Browser measured,400.33,486.2,398.33,248.95,1.6000,1122,1402,0.8003,1851762,cover,50% 50%,hidden,20px,,0.3550,398.33,497.73,248.78 vertical,Top and bottom,50.02%,49.98%,24.99% top + 24.99% bottom,1600,2000,4:5,15%-85%,10%-90%,None,N/A,N/A,WebP,300 KB,8:5 image viewport
Category: Flavor Coffee,Category grid / filtered search,CatalogProductCard,Flavor Coffee fallback,/site-images/products/categories/flavor-coffee/fallback.png,Local,Tablet 768x1024,1,Browser measured,352.5,456.31,350.5,219.06,1.6000,1122,1402,0.8003,1851762,cover,50% 50%,hidden,20px,,0.3124,350.50,437.97,218.91 vertical,Top and bottom,50.02%,49.98%,24.99% top + 24.99% bottom,1600,2000,4:5,15%-85%,10%-90%,None,N/A,N/A,WebP,300 KB,8:5 image viewport
Category: Flavor Coffee,Category grid / filtered search,CatalogProductCard,Flavor Coffee fallback,/site-images/products/categories/flavor-coffee/fallback.png,Local,Mobile 390x844,1,Browser measured,343,442.63,341,213.13,1.6000,1122,1402,0.8003,1851762,cover,50% 50%,hidden,20px,,0.3039,341.00,426.10,212.97 vertical,Top and bottom,50.02%,49.98%,24.99% top + 24.99% bottom,1600,2000,4:5,15%-85%,10%-90%,None,N/A,N/A,WebP,300 KB,8:5 image viewport
Products,Product grid / Best Sellers / Search,ProductCard,Hot Chocolate fallback,/site-images/products/categories/hot-chocolate/fallback.png,Local,Desktop 1440x900,1,Browser measured,306.67,341.78,304.67,190.41,1.6001,1122,1402,0.8003,1999822,cover,50% 50%,hidden,20px,,0.2715,304.67,380.70,190.29 vertical,Top and bottom,50.02%,49.98%,24.99% top + 24.99% bottom,1600,2000,4:5,15%-85%,10%-90%,None,N/A,N/A,WebP,300 KB,Measured rules use High Mood sample; uploaded Supabase images switch to contain
Products,Product grid / Best Sellers / Search,ProductCard,Hot Chocolate fallback,/site-images/products/categories/hot-chocolate/fallback.png,Local,Laptop 1280x800,1,Browser measured,301.67,338.66,299.67,187.28,1.6001,1122,1402,0.8003,1999822,cover,50% 50%,hidden,20px,,0.2671,299.67,374.45,187.17 vertical,Top and bottom,50.01%,49.99%,24.99% top + 24.99% bottom,1600,2000,4:5,15%-85%,10%-90%,None,N/A,N/A,WebP,300 KB,Measured rules use High Mood sample; uploaded Supabase images switch to contain
Products,Product grid / Best Sellers / Search,ProductCard,Hot Chocolate fallback,/site-images/products/categories/hot-chocolate/fallback.png,Local,Tablet 768x1024,1,Browser measured,350.5,343.38,348.5,192,1.8151,1122,1402,0.8003,1999822,cover,50% 50%,hidden,20px,,0.3106,348.50,435.47,243.47 vertical,Top and bottom,44.09%,55.91%,27.95% top + 27.95% bottom,1600,2000,4:5,15%-85%,10%-90%,None,N/A,N/A,WebP,300 KB,Measured rules use High Mood sample; uploaded Supabase images switch to contain
Products,Product grid / Best Sellers / Search,ProductCard,Hot Chocolate fallback,/site-images/products/categories/hot-chocolate/fallback.png,Local,Mobile 390x844,1,Browser measured,165.5,326.25,163.5,176,0.9290,1122,1402,0.8003,1999822,cover,50% 50%,hidden,20px,,0.1457,163.50,204.30,28.30 vertical,Top and bottom,86.15%,13.85%,6.93% top + 6.93% bottom,1600,2000,4:5,15%-85%,10%-90%,None,N/A,N/A,WebP,300 KB,Measured rules use High Mood sample; uploaded Supabase images switch to contain
Category: Hot Chocolate,Category grid / filtered search,CatalogProductCard,Hot Chocolate fallback,/site-images/products/categories/hot-chocolate/fallback.png,Local,Desktop 1440x900,1,Browser measured,405.33,489.33,403.33,252.08,1.6000,1122,1402,0.8003,1999822,cover,50% 50%,hidden,20px,,0.3595,403.33,503.98,251.90 vertical,Top and bottom,50.02%,49.98%,24.99% top + 24.99% bottom,1600,2000,4:5,15%-85%,10%-90%,None,N/A,N/A,WebP,300 KB,8:5 image viewport
Category: Hot Chocolate,Category grid / filtered search,CatalogProductCard,Hot Chocolate fallback,/site-images/products/categories/hot-chocolate/fallback.png,Local,Laptop 1280x800,1,Browser measured,400.33,486.2,398.33,248.95,1.6000,1122,1402,0.8003,1999822,cover,50% 50%,hidden,20px,,0.3550,398.33,497.73,248.78 vertical,Top and bottom,50.02%,49.98%,24.99% top + 24.99% bottom,1600,2000,4:5,15%-85%,10%-90%,None,N/A,N/A,WebP,300 KB,8:5 image viewport
Category: Hot Chocolate,Category grid / filtered search,CatalogProductCard,Hot Chocolate fallback,/site-images/products/categories/hot-chocolate/fallback.png,Local,Tablet 768x1024,1,Browser measured,352.5,456.31,350.5,219.06,1.6000,1122,1402,0.8003,1999822,cover,50% 50%,hidden,20px,,0.3124,350.50,437.97,218.91 vertical,Top and bottom,50.02%,49.98%,24.99% top + 24.99% bottom,1600,2000,4:5,15%-85%,10%-90%,None,N/A,N/A,WebP,300 KB,8:5 image viewport
Category: Hot Chocolate,Category grid / filtered search,CatalogProductCard,Hot Chocolate fallback,/site-images/products/categories/hot-chocolate/fallback.png,Local,Mobile 390x844,1,Browser measured,343,442.63,341,213.13,1.6000,1122,1402,0.8003,1999822,cover,50% 50%,hidden,20px,,0.3039,341.00,426.10,212.97 vertical,Top and bottom,50.02%,49.98%,24.99% top + 24.99% bottom,1600,2000,4:5,15%-85%,10%-90%,None,N/A,N/A,WebP,300 KB,8:5 image viewport
Products,Product grid / Best Sellers / Search,ProductCard,Turkish Blends / High Mood fallback,/site-images/products/categories/turkish-blends/fallback.png,Local,Desktop 1440x900,1,Browser measured,306.67,341.78,304.67,190.41,1.6001,1024,1536,0.6667,1878760,cover,50% 50%,hidden,20px,,0.2975,304.67,457.00,266.60 vertical,Top and bottom,41.66%,58.34%,29.17% top + 29.17% bottom,1600,2000,4:5,15%-85%,10%-90%,None,N/A,N/A,WebP,300 KB,Measured rules use High Mood sample; uploaded Supabase images switch to contain
Products,Product grid / Best Sellers / Search,ProductCard,Turkish Blends / High Mood fallback,/site-images/products/categories/turkish-blends/fallback.png,Local,Laptop 1280x800,1,Browser measured,301.67,338.66,299.67,187.28,1.6001,1024,1536,0.6667,1878760,cover,50% 50%,hidden,20px,,0.2926,299.67,449.50,262.23 vertical,Top and bottom,41.66%,58.34%,29.17% top + 29.17% bottom,1600,2000,4:5,15%-85%,10%-90%,None,N/A,N/A,WebP,300 KB,Measured rules use High Mood sample; uploaded Supabase images switch to contain
Products,Product grid / Best Sellers / Search,ProductCard,Turkish Blends / High Mood fallback,/site-images/products/categories/turkish-blends/fallback.png,Local,Tablet 768x1024,1,Browser measured,350.5,343.38,348.5,192,1.8151,1024,1536,0.6667,1878760,cover,50% 50%,hidden,20px,,0.3403,348.50,522.75,330.75 vertical,Top and bottom,36.73%,63.27%,31.64% top + 31.64% bottom,1600,2000,4:5,15%-85%,10%-90%,None,N/A,N/A,WebP,300 KB,Measured rules use High Mood sample; uploaded Supabase images switch to contain
Products,Product grid / Best Sellers / Search,ProductCard,Turkish Blends / High Mood fallback,/site-images/products/categories/turkish-blends/fallback.png,Local,Mobile 390x844,1,Browser measured,165.5,326.25,163.5,176,0.9290,1024,1536,0.6667,1878760,cover,50% 50%,hidden,20px,,0.1597,163.50,245.25,69.25 vertical,Top and bottom,71.76%,28.24%,14.12% top + 14.12% bottom,1600,2000,4:5,15%-85%,10%-90%,None,N/A,N/A,WebP,300 KB,Measured rules use High Mood sample; uploaded Supabase images switch to contain
Category: Turkish Blends / High Mood,Category grid / filtered search,CatalogProductCard,Turkish Blends / High Mood fallback,/site-images/products/categories/turkish-blends/fallback.png,Local,Desktop 1440x900,1,Browser measured,405.33,489.33,403.33,252.08,1.6000,1024,1536,0.6667,1878760,cover,50% 50%,hidden,20px,,0.3939,403.33,605.00,352.91 vertical,Top and bottom,41.67%,58.33%,29.17% top + 29.17% bottom,1600,2000,4:5,15%-85%,10%-90%,None,N/A,N/A,WebP,300 KB,8:5 image viewport
Category: Turkish Blends / High Mood,Category grid / filtered search,CatalogProductCard,Turkish Blends / High Mood fallback,/site-images/products/categories/turkish-blends/fallback.png,Local,Laptop 1280x800,1,Browser measured,400.33,486.2,398.33,248.95,1.6000,1024,1536,0.6667,1878760,cover,50% 50%,hidden,20px,,0.3890,398.33,597.50,348.55 vertical,Top and bottom,41.67%,58.33%,29.17% top + 29.17% bottom,1600,2000,4:5,15%-85%,10%-90%,None,N/A,N/A,WebP,300 KB,8:5 image viewport
Category: Turkish Blends / High Mood,Category grid / filtered search,CatalogProductCard,Turkish Blends / High Mood fallback,/site-images/products/categories/turkish-blends/fallback.png,Local,Tablet 768x1024,1,Browser measured,352.5,456.31,350.5,219.06,1.6000,1024,1536,0.6667,1878760,cover,50% 50%,hidden,20px,,0.3423,350.50,525.75,306.69 vertical,Top and bottom,41.67%,58.33%,29.17% top + 29.17% bottom,1600,2000,4:5,15%-85%,10%-90%,None,N/A,N/A,WebP,300 KB,8:5 image viewport
Category: Turkish Blends / High Mood,Category grid / filtered search,CatalogProductCard,Turkish Blends / High Mood fallback,/site-images/products/categories/turkish-blends/fallback.png,Local,Mobile 390x844,1,Browser measured,343,442.63,341,213.13,1.6000,1024,1536,0.6667,1878760,cover,50% 50%,hidden,20px,,0.3330,341.00,511.50,298.37 vertical,Top and bottom,41.67%,58.33%,29.17% top + 29.17% bottom,1600,2000,4:5,15%-85%,10%-90%,None,N/A,N/A,WebP,300 KB,8:5 image viewport
Product details,Gallery,ProductGallery,High Mood main image,/site-images/products/categories/turkish-blends/fallback.png,Local,Desktop 1440x900,1,Browser measured,443.06,675.59,441.06,551.33,0.8000,1024,1536,0.6667,1878760,cover,50% 50%,hidden,20px,,0.4307,441.06,661.59,110.26 vertical,Top and bottom,83.33%,16.67%,8.33% top + 8.33% bottom,1600,2000,4:5,15%-85%,10%-90%,None,N/A,N/A,WebP,300 KB,2:3 source; 16.67% vertical crop
Product details,Gallery,ProductGallery,High Mood main image,/site-images/products/categories/turkish-blends/fallback.png,Local,Laptop 1280x800,1,Browser measured,435.38,664.06,433.38,541.72,0.8000,1024,1536,0.6667,1878760,cover,50% 50%,hidden,20px,,0.4232,433.38,650.07,108.35 vertical,Top and bottom,83.33%,16.67%,8.33% top + 8.33% bottom,1600,2000,4:5,15%-85%,10%-90%,None,N/A,N/A,WebP,300 KB,2:3 source; 16.67% vertical crop
Product details,Gallery,ProductGallery,High Mood main image,/site-images/products/categories/turkish-blends/fallback.png,Local,Tablet 768x1024,1,Browser measured,721,1092.5,719,898.75,0.8000,1024,1536,0.6667,1878760,cover,50% 50%,hidden,20px,,0.7021,719.00,1078.50,179.75 vertical,Top and bottom,83.33%,16.67%,8.33% top + 8.33% bottom,1600,2000,4:5,15%-85%,10%-90%,None,N/A,N/A,WebP,300 KB,2:3 source; 16.67% vertical crop
Product details,Gallery,ProductGallery,High Mood main image,/site-images/products/categories/turkish-blends/fallback.png,Local,Mobile 390x844,1,Browser measured,343,525.5,341,426.25,0.8000,1024,1536,0.6667,1878760,cover,50% 50%,hidden,20px,,0.3330,341.00,511.50,85.25 vertical,Top and bottom,83.33%,16.67%,8.33% top + 8.33% bottom,1600,2000,4:5,15%-85%,10%-90%,None,N/A,N/A,WebP,300 KB,2:3 source; 16.67% vertical crop
Product details,Gallery,ProductGallery,High Mood first thumbnail,/site-images/products/categories/turkish-blends/fallback.png,Local,Desktop 1440x900,1,Browser measured,98.27,98.27,96.27,96.27,1.0000,1024,1536,0.6667,1878760,cover,50% 50%,hidden,12px,,0.0940,96.27,144.41,48.14 vertical,Top and bottom,66.67%,33.33%,16.67% top + 16.67% bottom,512,512,1:1,15%-85%,15%-85%,None,N/A,N/A,WebP,60 KB,2:3 source; 33.33% vertical crop
Product details,Gallery,ProductGallery,High Mood first thumbnail,/site-images/products/categories/turkish-blends/fallback.png,Local,Laptop 1280x800,1,Browser measured,96.34,96.34,94.34,94.34,1.0000,1024,1536,0.6667,1878760,cover,50% 50%,hidden,12px,,0.0921,94.34,141.51,47.17 vertical,Top and bottom,66.67%,33.33%,16.67% top + 16.67% bottom,512,512,1:1,15%-85%,15%-85%,None,N/A,N/A,WebP,60 KB,2:3 source; 33.33% vertical crop
Product details,Gallery,ProductGallery,High Mood first thumbnail,/site-images/products/categories/turkish-blends/fallback.png,Local,Tablet 768x1024,1,Browser measured,167.75,167.75,165.75,165.75,1.0000,1024,1536,0.6667,1878760,cover,50% 50%,hidden,12px,,0.1619,165.75,248.63,82.88 vertical,Top and bottom,66.67%,33.33%,16.67% top + 16.67% bottom,512,512,1:1,15%-85%,15%-85%,None,N/A,N/A,WebP,60 KB,2:3 source; 33.33% vertical crop
Product details,Gallery,ProductGallery,High Mood first thumbnail,/site-images/products/categories/turkish-blends/fallback.png,Local,Mobile 390x844,1,Browser measured,73.25,73.25,71.25,71.25,1.0000,1024,1536,0.6667,1878760,cover,50% 50%,hidden,12px,,0.0696,71.25,106.88,35.63 vertical,Top and bottom,66.67%,33.33%,16.67% top + 16.67% bottom,512,512,1:1,15%-85%,15%-85%,None,N/A,N/A,WebP,60 KB,2:3 source; 33.33% vertical crop
Product details,Ambient hero,ProductDetailHero,Blurred ambient product image,/site-images/products/categories/turkish-blends/fallback.png,Local,Desktop 1440x900,1,Browser measured,1425,318.39,1425,318.39,4.4756,1024,1536,0.6667,1878760,cover,50% 50%,hidden,0px,0.34 + blur(1px) + scale(1.06),1.3916,1425.00,2137.50,1819.11 vertical,Top and bottom,14.90%,85.10%,42.55% top + 42.55% bottom,2400,1200,2:1,25%-75%,20%-80%,None,N/A,N/A,WebP,400 KB,"Actual transformed image rects: 1510.50x336.43, 1340.90x337.49, 798.18x321.59, 397.50x280.25"
Product details,Ambient hero,ProductDetailHero,Blurred ambient product image,/site-images/products/categories/turkish-blends/fallback.png,Local,Laptop 1280x800,1,Browser measured,1265,318.39,1265,318.39,3.9731,1024,1536,0.6667,1878760,cover,50% 50%,hidden,0px,0.34 + blur(1px) + scale(1.06),1.2354,1265.00,1897.50,1579.11 vertical,Top and bottom,16.78%,83.22%,41.61% top + 41.61% bottom,2400,1200,2:1,25%-75%,20%-80%,None,N/A,N/A,WebP,400 KB,"Actual transformed image rects: 1510.50x336.43, 1340.90x337.49, 798.18x321.59, 397.50x280.25"
Product details,Ambient hero,ProductDetailHero,Blurred ambient product image,/site-images/products/categories/turkish-blends/fallback.png,Local,Tablet 768x1024,1,Browser measured,753,303.39,753,303.39,2.4820,1024,1536,0.6667,1878760,cover,50% 50%,hidden,0px,0.34 + blur(1px) + scale(1.06),0.7354,753.00,1129.50,826.11 vertical,Top and bottom,26.86%,73.14%,36.57% top + 36.57% bottom,2400,1200,2:1,25%-75%,20%-80%,None,N/A,N/A,WebP,400 KB,"Actual transformed image rects: 1510.50x336.43, 1340.90x337.49, 798.18x321.59, 397.50x280.25"
Product details,Ambient hero,ProductDetailHero,Blurred ambient product image,/site-images/products/categories/turkish-blends/fallback.png,Local,Mobile 390x844,1,Browser measured,375,264.39,375,264.39,1.4184,1024,1536,0.6667,1878760,cover,50% 50%,hidden,0px,0.34 + blur(1px) + scale(1.06),0.3662,375.00,562.50,298.11 vertical,Top and bottom,47.00%,53.00%,26.50% top + 26.50% bottom,2400,1200,2:1,25%-75%,20%-80%,None,N/A,N/A,WebP,400 KB,"Actual transformed image rects: 1510.50x336.43, 1340.90x337.49, 798.18x321.59, 397.50x280.25"
Metadata,Open Graph,SEO metadata,Default social preview,/site-images/shared/metadata/default-og.png,Local,Metadata / no DOM viewport,N/A,File metadata / no DOM,,,,,,1717,916,1.8745,1673560,intrinsic,50% 50%,hidden,0px,,,,,,,,,,1200,630,1.91:1,10%-90%,10%-90%,None,N/A,N/A,WebP,250 KB,Current file is 1717x916 PNG and 1.60 MiB; recommended 1200x630 WebP <=250KB
Blog,Featured article,FeaturedBlogCard,Current DB card image,/assets/story/roastery.png,Local legacy,Desktop 1440x900,1,Browser measured,1248,354,623,352,1.7699,1024,1536,0.6667,1812504,cover,50% 50%,hidden,20px,,0.6084,623.00,934.50,582.50 vertical,Top and bottom,37.67%,62.33%,31.17% top + 31.17% bottom,1600,900,16:9,20%-80%,20%-80%,None,N/A,N/A,WebP,220 KB,Same binary also exists under site-images; different URL creates a distinct optimizer/cache key
Blog,Featured article,FeaturedBlogCard,Current DB card image,/assets/story/roastery.png,Local legacy,Laptop 1280x800,1,Browser measured,1233,354,615.5,352,1.7486,1024,1536,0.6667,1812504,cover,50% 50%,hidden,20px,,0.6011,615.50,923.25,571.25 vertical,Top and bottom,38.13%,61.87%,30.94% top + 30.94% bottom,1600,900,16:9,20%-80%,20%-80%,None,N/A,N/A,WebP,220 KB,Same binary also exists under site-images; different URL creates a distinct optimizer/cache key
Blog,Featured article,FeaturedBlogCard,Current DB card image,/assets/story/roastery.png,Local legacy,Tablet 768x1024,1,Browser measured,721,466.75,359.5,464.75,0.7735,1024,1536,0.6667,1812504,cover,50% 50%,hidden,20px,,0.3511,359.50,539.25,74.50 vertical,Top and bottom,86.18%,13.82%,6.91% top + 6.91% bottom,1600,900,16:9,20%-80%,20%-80%,None,N/A,N/A,WebP,220 KB,Same binary also exists under site-images; different URL creates a distinct optimizer/cache key
Blog,Featured article,FeaturedBlogCard,Current DB card image,/assets/story/roastery.png,Local legacy,Mobile 390x844,1,Browser measured,343,597.25,341,256,1.3320,1024,1536,0.6667,1812504,cover,50% 50%,hidden,20px,,0.3330,341.00,511.50,255.50 vertical,Top and bottom,50.05%,49.95%,24.98% top + 24.98% bottom,1600,900,16:9,20%-80%,20%-80%,None,N/A,N/A,WebP,220 KB,Same binary also exists under site-images; different URL creates a distinct optimizer/cache key
Blog article,Article hero,BlogPostHero,Current DB hero image,/assets/story/roastery.png,Local legacy,Desktop 1440x900,1,Browser measured,1425,594.39,1425,468,3.0449,1024,1536,0.6667,1812504,cover,50% 50%,hidden,0px,,1.3916,1425.00,2137.50,1669.50 vertical,Top and bottom,21.89%,78.11%,39.05% top + 39.05% bottom,1920,1080,16:9,20%-80%,20%-80%,Live article title below/over section,N/A,N/A,WebP,300 KB,Portrait source in wide hero
Blog article,Article hero,BlogPostHero,Current DB hero image,/assets/story/roastery.png,Local legacy,Laptop 1280x800,1,Browser measured,1265,542.39,1265,416,3.0409,1024,1536,0.6667,1812504,cover,50% 50%,hidden,0px,,1.2354,1265.00,1897.50,1481.50 vertical,Top and bottom,21.92%,78.08%,39.04% top + 39.04% bottom,1920,1080,16:9,20%-80%,20%-80%,Live article title below/over section,N/A,N/A,WebP,300 KB,Portrait source in wide hero
Blog article,Article hero,BlogPostHero,Current DB hero image,/assets/story/roastery.png,Local legacy,Tablet 768x1024,1,Browser measured,753,658.86,753,532.47,1.4142,1024,1536,0.6667,1812504,cover,50% 50%,hidden,0px,,0.7354,753.00,1129.50,597.03 vertical,Top and bottom,47.14%,52.86%,26.43% top + 26.43% bottom,1920,1080,16:9,20%-80%,20%-80%,Live article title below/over section,N/A,N/A,WebP,300 KB,Portrait source in wide hero
Blog article,Article hero,BlogPostHero,Current DB hero image,/assets/story/roastery.png,Local legacy,Mobile 390x844,1,Browser measured,375,456.86,375,354.47,1.0579,1024,1536,0.6667,1812504,cover,50% 50%,hidden,0px,,0.3662,375.00,562.50,208.03 vertical,Top and bottom,63.02%,36.98%,18.49% top + 18.49% bottom,1920,1080,16:9,20%-80%,20%-80%,Live article title below/over section,N/A,N/A,WebP,300 KB,Portrait source in wide hero
Blog,Article grid,BlogCard,Espresso article card,/assets/categories/espresso.png,Local legacy,Desktop 1440x900,1,Browser measured,402.66,435.17,400.66,208,1.9263,1024,1536,0.6667,2122431,cover,50% 50%,hidden,20px,,0.3913,400.66,600.99,392.99 vertical,Top and bottom,34.61%,65.39%,32.70% top + 32.70% bottom,1600,900,16:9,20%-80%,20%-80%,None,N/A,N/A,WebP,220 KB,Current data path
Blog,Article grid,BlogCard,Espresso article card,/assets/categories/espresso.png,Local legacy,Laptop 1280x800,1,Browser measured,397.66,435.17,395.66,208,1.9022,1024,1536,0.6667,2122431,cover,50% 50%,hidden,20px,,0.3864,395.66,593.49,385.49 vertical,Top and bottom,35.05%,64.95%,32.48% top + 32.48% bottom,1600,900,16:9,20%-80%,20%-80%,None,N/A,N/A,WebP,220 KB,Current data path
Blog,Article grid,BlogCard,Espresso article card,/assets/categories/espresso.png,Local legacy,Tablet 768x1024,1,Browser measured,350.5,435.17,348.5,208,1.6755,1024,1536,0.6667,2122431,cover,50% 50%,hidden,20px,,0.3403,348.50,522.75,314.75 vertical,Top and bottom,39.79%,60.21%,30.11% top + 30.11% bottom,1600,900,16:9,20%-80%,20%-80%,None,N/A,N/A,WebP,220 KB,Current data path
Blog,Article grid,BlogCard,Espresso article card,/assets/categories/espresso.png,Local legacy,Mobile 390x844,1,Browser measured,343,435.17,341,208,1.6394,1024,1536,0.6667,2122431,cover,50% 50%,hidden,20px,,0.3330,341.00,511.50,303.50 vertical,Top and bottom,40.66%,59.34%,29.67% top + 29.67% bottom,1600,900,16:9,20%-80%,20%-80%,None,N/A,N/A,WebP,220 KB,Current data path
Blog,Article grid,BlogCard,Classic pouch article card,/assets/products/classic-pouch.png,Local legacy,Desktop 1440x900,1,Browser measured,402.66,435.17,400.66,208,1.9263,1024,1536,0.6667,2173874,cover,50% 50%,hidden,20px,,0.3913,400.66,600.99,392.99 vertical,Top and bottom,34.61%,65.39%,32.70% top + 32.70% bottom,1600,900,16:9,20%-80%,20%-80%,None,N/A,N/A,WebP,220 KB,Current data path
Blog,Article grid,BlogCard,Classic pouch article card,/assets/products/classic-pouch.png,Local legacy,Laptop 1280x800,1,Browser measured,397.66,435.17,395.66,208,1.9022,1024,1536,0.6667,2173874,cover,50% 50%,hidden,20px,,0.3864,395.66,593.49,385.49 vertical,Top and bottom,35.05%,64.95%,32.48% top + 32.48% bottom,1600,900,16:9,20%-80%,20%-80%,None,N/A,N/A,WebP,220 KB,Current data path
Blog,Article grid,BlogCard,Classic pouch article card,/assets/products/classic-pouch.png,Local legacy,Tablet 768x1024,1,Browser measured,350.5,435.17,348.5,208,1.6755,1024,1536,0.6667,2173874,cover,50% 50%,hidden,20px,,0.3403,348.50,522.75,314.75 vertical,Top and bottom,39.79%,60.21%,30.11% top + 30.11% bottom,1600,900,16:9,20%-80%,20%-80%,None,N/A,N/A,WebP,220 KB,Current data path
Blog,Article grid,BlogCard,Classic pouch article card,/assets/products/classic-pouch.png,Local legacy,Mobile 390x844,1,Browser measured,343,435.17,341,208,1.6394,1024,1536,0.6667,2173874,cover,50% 50%,hidden,20px,,0.3330,341.00,511.50,303.50 vertical,Top and bottom,40.66%,59.34%,29.67% top + 29.67% bottom,1600,900,16:9,20%-80%,20%-80%,None,N/A,N/A,WebP,220 KB,Current data path
Blog,Article grid,BlogCard,Turkish article card,/assets/categories/turkish.png,Local legacy,Desktop 1440x900,1,Browser measured,402.66,435.17,400.66,208,1.9263,1024,1536,0.6667,1878760,cover,50% 50%,hidden,20px,,0.3913,400.66,600.99,392.99 vertical,Top and bottom,34.61%,65.39%,32.70% top + 32.70% bottom,1600,900,16:9,20%-80%,20%-80%,None,N/A,N/A,WebP,220 KB,Current data path
Blog,Article grid,BlogCard,Turkish article card,/assets/categories/turkish.png,Local legacy,Laptop 1280x800,1,Browser measured,397.66,435.17,395.66,208,1.9022,1024,1536,0.6667,1878760,cover,50% 50%,hidden,20px,,0.3864,395.66,593.49,385.49 vertical,Top and bottom,35.05%,64.95%,32.48% top + 32.48% bottom,1600,900,16:9,20%-80%,20%-80%,None,N/A,N/A,WebP,220 KB,Current data path
Blog,Article grid,BlogCard,Turkish article card,/assets/categories/turkish.png,Local legacy,Tablet 768x1024,1,Browser measured,350.5,435.17,348.5,208,1.6755,1024,1536,0.6667,1878760,cover,50% 50%,hidden,20px,,0.3403,348.50,522.75,314.75 vertical,Top and bottom,39.79%,60.21%,30.11% top + 30.11% bottom,1600,900,16:9,20%-80%,20%-80%,None,N/A,N/A,WebP,220 KB,Current data path
Blog,Article grid,BlogCard,Turkish article card,/assets/categories/turkish.png,Local legacy,Mobile 390x844,1,Browser measured,343,435.17,341,208,1.6394,1024,1536,0.6667,1878760,cover,50% 50%,hidden,20px,,0.3330,341.00,511.50,303.50 vertical,Top and bottom,40.66%,59.34%,29.67% top + 29.67% bottom,1600,900,16:9,20%-80%,20%-80%,None,N/A,N/A,WebP,220 KB,Current data path
Products,Grid / Best Sellers / Search,ProductCard,Cairo Nights primary image,Supabase Storage: product-images/.../mr6kaj33-bm9a6zqh.webp,Supabase dynamic,Desktop 1440x900,1,Browser measured,306.67,341.78,304.67,190.41,1.6001,736,1308,0.5627,97862,contain,50% 50%,hidden,20px,,N/A,304.67,190.41,0,None,100.00%,0.00%,0%,1600,2000,4:5,15%-85%,10%-90%,None,N/A,N/A,WebP,300 KB,100% visible; padding 12px desktop/tablet and 8-9px mobile
Products,Grid / Best Sellers / Search,ProductCard,Cairo Nights primary image,Supabase Storage: product-images/.../mr6kaj33-bm9a6zqh.webp,Supabase dynamic,Laptop 1280x800,1,Browser measured,301.67,338.66,299.67,187.28,1.6001,736,1308,0.5627,97862,contain,50% 50%,hidden,20px,,N/A,299.67,187.28,0,None,100.00%,0.00%,0%,1600,2000,4:5,15%-85%,10%-90%,None,N/A,N/A,WebP,300 KB,100% visible; padding 12px desktop/tablet and 8-9px mobile
Products,Grid / Best Sellers / Search,ProductCard,Cairo Nights primary image,Supabase Storage: product-images/.../mr6kaj33-bm9a6zqh.webp,Supabase dynamic,Tablet 768x1024,1,Browser measured,350.5,343.38,348.5,192,1.8151,736,1308,0.5627,97862,contain,50% 50%,hidden,20px,,N/A,348.50,192.00,0,None,100.00%,0.00%,0%,1600,2000,4:5,15%-85%,10%-90%,None,N/A,N/A,WebP,300 KB,100% visible; padding 12px desktop/tablet and 8-9px mobile
Products,Grid / Best Sellers / Search,ProductCard,Cairo Nights primary image,Supabase Storage: product-images/.../mr6kaj33-bm9a6zqh.webp,Supabase dynamic,Mobile 390x844,1,Browser measured,165.5,326.25,163.5,176,0.9290,736,1308,0.5627,97862,contain,50% 50%,hidden,20px,,N/A,163.50,176.00,0,None,100.00%,0.00%,0%,1600,2000,4:5,15%-85%,10%-90%,None,N/A,N/A,WebP,300 KB,100% visible; padding 12px desktop/tablet and 8-9px mobile
Product details,Related Products,ProductCard,Cairo Nights related card,Supabase Storage: product-images/.../mr6kaj33-bm9a6zqh.webp,Supabase dynamic,Desktop 1440x900,1,Browser measured,297.6,334.92,295.62,184.76,1.6000,736,1308,0.5627,97862,contain,50% 50%,hidden,20px,,N/A,295.62,184.76,0,None,100.00%,0.00%,0%,1600,2000,4:5,15%-85%,10%-90%,None,N/A,N/A,WebP,300 KB,100% visible; measured card and image viewport
Product details,Related Products,ProductCard,Cairo Nights related card,Supabase Storage: product-images/.../mr6kaj33-bm9a6zqh.webp,Supabase dynamic,Laptop 1280x800,1,Browser measured,293.88,332.6,291.9,182.43,1.6001,736,1308,0.5627,97862,contain,50% 50%,hidden,20px,,N/A,291.90,182.43,0,None,100.00%,0.00%,0%,1600,2000,4:5,15%-85%,10%-90%,None,N/A,N/A,WebP,300 KB,100% visible; measured card and image viewport
Product details,Related Products,ProductCard,Cairo Nights related card,Supabase Storage: product-images/.../mr6kaj33-bm9a6zqh.webp,Supabase dynamic,Tablet 768x1024,1,Browser measured,227.82,340.63,225.83,190.46,1.1857,736,1308,0.5627,97862,contain,50% 50%,hidden,20px,,N/A,225.83,190.46,0,None,100.00%,0.00%,0%,1600,2000,4:5,15%-85%,10%-90%,None,N/A,N/A,WebP,300 KB,100% visible; measured card and image viewport
Product details,Related Products,ProductCard,Cairo Nights related card,Supabase Storage: product-images/.../mr6kaj33-bm9a6zqh.webp,Supabase dynamic,Mobile 390x844,1,Browser measured,162.19,323.64,160.21,174.59,0.9176,736,1308,0.5627,97862,contain,50% 50%,hidden,20px,,N/A,160.21,174.59,0,None,100.00%,0.00%,0%,1600,2000,4:5,15%-85%,10%-90%,None,N/A,N/A,WebP,300 KB,100% visible; measured card and image viewport
Product details,Gallery,ProductGallery,Primary main image when Cairo Nights is opened,Supabase Storage: product-images/.../mr6kaj33-bm9a6zqh.webp,Supabase dynamic,Desktop 1440x900,1,Browser measured,443.06,675.59,441.06,551.33,0.8000,736,1308,0.5627,97862,cover,50% 50%,hidden,20px,,0.5993,441.06,783.84,232.51 vertical,Top and bottom,70.34%,29.66%,14.83% top + 14.83% bottom,1600,2000,4:5,15%-85%,10%-90%,None,N/A,N/A,WebP,300 KB,29.66% vertical crop from 736x1308 source
Product details,Gallery,ProductGallery,Primary main image when Cairo Nights is opened,Supabase Storage: product-images/.../mr6kaj33-bm9a6zqh.webp,Supabase dynamic,Laptop 1280x800,1,Browser measured,435.38,664.06,433.38,541.72,0.8000,736,1308,0.5627,97862,cover,50% 50%,hidden,20px,,0.5888,433.38,770.19,228.47 vertical,Top and bottom,70.34%,29.66%,14.83% top + 14.83% bottom,1600,2000,4:5,15%-85%,10%-90%,None,N/A,N/A,WebP,300 KB,29.66% vertical crop from 736x1308 source
Product details,Gallery,ProductGallery,Primary main image when Cairo Nights is opened,Supabase Storage: product-images/.../mr6kaj33-bm9a6zqh.webp,Supabase dynamic,Tablet 768x1024,1,Browser measured,721,1092.5,719,898.75,0.8000,736,1308,0.5627,97862,cover,50% 50%,hidden,20px,,0.9769,719.00,1277.79,379.04 vertical,Top and bottom,70.34%,29.66%,14.83% top + 14.83% bottom,1600,2000,4:5,15%-85%,10%-90%,None,N/A,N/A,WebP,300 KB,29.66% vertical crop from 736x1308 source
Product details,Gallery,ProductGallery,Primary main image when Cairo Nights is opened,Supabase Storage: product-images/.../mr6kaj33-bm9a6zqh.webp,Supabase dynamic,Mobile 390x844,1,Browser measured,343,525.5,341,426.25,0.8000,736,1308,0.5627,97862,cover,50% 50%,hidden,20px,,0.4633,341.00,606.02,179.77 vertical,Top and bottom,70.34%,29.66%,14.83% top + 14.83% bottom,1600,2000,4:5,15%-85%,10%-90%,None,N/A,N/A,WebP,300 KB,29.66% vertical crop from 736x1308 source
Product details,Gallery,ProductGallery,Primary thumbnail,Supabase Storage: product-images/.../mr6kaj33-bm9a6zqh.webp,Supabase dynamic,Desktop 1440x900,1,Browser measured,98.27,98.27,96.27,96.27,1.0000,736,1308,0.5627,97862,cover,50% 50%,hidden,12px,,0.1308,96.27,171.09,74.82 vertical,Top and bottom,56.27%,43.73%,21.87% top + 21.87% bottom,512,512,1:1,15%-85%,15%-85%,None,N/A,N/A,WebP,60 KB,43.73% vertical crop
Product details,Gallery,ProductGallery,Primary thumbnail,Supabase Storage: product-images/.../mr6kaj33-bm9a6zqh.webp,Supabase dynamic,Laptop 1280x800,1,Browser measured,96.34,96.34,94.34,94.34,1.0000,736,1308,0.5627,97862,cover,50% 50%,hidden,12px,,0.1282,94.34,167.66,73.32 vertical,Top and bottom,56.27%,43.73%,21.87% top + 21.87% bottom,512,512,1:1,15%-85%,15%-85%,None,N/A,N/A,WebP,60 KB,43.73% vertical crop
Product details,Gallery,ProductGallery,Primary thumbnail,Supabase Storage: product-images/.../mr6kaj33-bm9a6zqh.webp,Supabase dynamic,Tablet 768x1024,1,Browser measured,167.75,167.75,165.75,165.75,1.0000,736,1308,0.5627,97862,cover,50% 50%,hidden,12px,,0.2252,165.75,294.57,128.82 vertical,Top and bottom,56.27%,43.73%,21.87% top + 21.87% bottom,512,512,1:1,15%-85%,15%-85%,None,N/A,N/A,WebP,60 KB,43.73% vertical crop
Product details,Gallery,ProductGallery,Primary thumbnail,Supabase Storage: product-images/.../mr6kaj33-bm9a6zqh.webp,Supabase dynamic,Mobile 390x844,1,Browser measured,73.25,73.25,71.25,71.25,1.0000,736,1308,0.5627,97862,cover,50% 50%,hidden,12px,,0.0968,71.25,126.62,55.37 vertical,Top and bottom,56.27%,43.73%,21.87% top + 21.87% bottom,512,512,1:1,15%-85%,15%-85%,None,N/A,N/A,WebP,60 KB,43.73% vertical crop
Product details,Ambient hero,ProductDetailHero,Blurred ambient primary image,Supabase Storage: product-images/.../mr6kaj33-bm9a6zqh.webp,Supabase dynamic,Desktop 1440x900,1,Browser measured,1425,318.39,1425,318.39,4.4756,736,1308,0.5627,97862,cover,50% 50%,hidden,0px,0.34 + blur(1px) + scale(1.06),1.9361,1425.00,2532.47,2214.08 vertical,Top and bottom,12.57%,87.43%,43.71% top + 43.71% bottom,2400,1200,2:1,25%-75%,20%-80%,None,N/A,N/A,WebP,400 KB,Decorative only; same image_url as card/gallery
Product details,Ambient hero,ProductDetailHero,Blurred ambient primary image,Supabase Storage: product-images/.../mr6kaj33-bm9a6zqh.webp,Supabase dynamic,Laptop 1280x800,1,Browser measured,1265,318.39,1265,318.39,3.9731,736,1308,0.5627,97862,cover,50% 50%,hidden,0px,0.34 + blur(1px) + scale(1.06),1.7188,1265.00,2248.13,1929.74 vertical,Top and bottom,14.16%,85.84%,42.92% top + 42.92% bottom,2400,1200,2:1,25%-75%,20%-80%,None,N/A,N/A,WebP,400 KB,Decorative only; same image_url as card/gallery
Product details,Ambient hero,ProductDetailHero,Blurred ambient primary image,Supabase Storage: product-images/.../mr6kaj33-bm9a6zqh.webp,Supabase dynamic,Tablet 768x1024,1,Browser measured,753,303.39,753,303.39,2.4820,736,1308,0.5627,97862,cover,50% 50%,hidden,0px,0.34 + blur(1px) + scale(1.06),1.0231,753.00,1338.21,1034.82 vertical,Top and bottom,22.67%,77.33%,38.66% top + 38.66% bottom,2400,1200,2:1,25%-75%,20%-80%,None,N/A,N/A,WebP,400 KB,Decorative only; same image_url as card/gallery
Product details,Ambient hero,ProductDetailHero,Blurred ambient primary image,Supabase Storage: product-images/.../mr6kaj33-bm9a6zqh.webp,Supabase dynamic,Mobile 390x844,1,Browser measured,375,264.39,375,264.39,1.4184,736,1308,0.5627,97862,cover,50% 50%,hidden,0px,0.34 + blur(1px) + scale(1.06),0.5095,375.00,666.44,402.05 vertical,Top and bottom,39.67%,60.33%,30.16% top + 30.16% bottom,2400,1200,2:1,25%-75%,20%-80%,None,N/A,N/A,WebP,400 KB,Decorative only; same image_url as card/gallery
Shared,Header wishlist panel,PublicHeader,Wishlist product thumbnail,Supabase Storage: product-images/.../mr6kaj33-bm9a6zqh.webp,Supabase dynamic,Desktop 1440x900,1,Code-defined; requires wishlist state,48,48,48,48,1.0000,736,1308,0.5627,97862,cover,50% 50%,hidden,8px,,0.0652,48.00,85.30,37.30 vertical,Top and bottom,56.27%,43.73%,21.87% top + 21.87% bottom,512,512,1:1,15%-85%,15%-85%,None,N/A,N/A,WebP,60 KB,No authenticated state was fabricated
Shared,Header wishlist panel,PublicHeader,Wishlist product thumbnail,Supabase Storage: product-images/.../mr6kaj33-bm9a6zqh.webp,Supabase dynamic,Laptop 1280x800,1,Code-defined; requires wishlist state,48,48,48,48,1.0000,736,1308,0.5627,97862,cover,50% 50%,hidden,8px,,0.0652,48.00,85.30,37.30 vertical,Top and bottom,56.27%,43.73%,21.87% top + 21.87% bottom,512,512,1:1,15%-85%,15%-85%,None,N/A,N/A,WebP,60 KB,No authenticated state was fabricated
Shared,Header wishlist panel,PublicHeader,Wishlist product thumbnail,Supabase Storage: product-images/.../mr6kaj33-bm9a6zqh.webp,Supabase dynamic,Tablet 768x1024,1,Code-defined; requires wishlist state,48,48,48,48,1.0000,736,1308,0.5627,97862,cover,50% 50%,hidden,8px,,0.0652,48.00,85.30,37.30 vertical,Top and bottom,56.27%,43.73%,21.87% top + 21.87% bottom,512,512,1:1,15%-85%,15%-85%,None,N/A,N/A,WebP,60 KB,No authenticated state was fabricated
Shared,Header wishlist panel,PublicHeader,Wishlist product thumbnail,Supabase Storage: product-images/.../mr6kaj33-bm9a6zqh.webp,Supabase dynamic,Mobile 390x844,1,Code-defined; requires wishlist state,48,48,48,48,1.0000,736,1308,0.5627,97862,cover,50% 50%,hidden,8px,,0.0652,48.00,85.30,37.30 vertical,Top and bottom,56.27%,43.73%,21.87% top + 21.87% bottom,512,512,1:1,15%-85%,15%-85%,None,N/A,N/A,WebP,60 KB,No authenticated state was fabricated
Account,Wishlist,WishlistItem,Customer wishlist thumbnail,Supabase Storage: product-images/.../mr6kaj33-bm9a6zqh.webp,Supabase dynamic,Desktop 1440x900,1,Code-defined / auth protected,64,64,64,64,1.0000,736,1308,0.5627,97862,cover,50% 50%,hidden,12px,,0.0870,64.00,113.74,49.74 vertical,Top and bottom,56.27%,43.73%,21.87% top + 21.87% bottom,512,512,1:1,15%-85%,15%-85%,None,N/A,N/A,WebP,60 KB,Protected route
Account,Wishlist,WishlistItem,Customer wishlist thumbnail,Supabase Storage: product-images/.../mr6kaj33-bm9a6zqh.webp,Supabase dynamic,Laptop 1280x800,1,Code-defined / auth protected,64,64,64,64,1.0000,736,1308,0.5627,97862,cover,50% 50%,hidden,12px,,0.0870,64.00,113.74,49.74 vertical,Top and bottom,56.27%,43.73%,21.87% top + 21.87% bottom,512,512,1:1,15%-85%,15%-85%,None,N/A,N/A,WebP,60 KB,Protected route
Account,Wishlist,WishlistItem,Customer wishlist thumbnail,Supabase Storage: product-images/.../mr6kaj33-bm9a6zqh.webp,Supabase dynamic,Tablet 768x1024,1,Code-defined / auth protected,64,64,64,64,1.0000,736,1308,0.5627,97862,cover,50% 50%,hidden,12px,,0.0870,64.00,113.74,49.74 vertical,Top and bottom,56.27%,43.73%,21.87% top + 21.87% bottom,512,512,1:1,15%-85%,15%-85%,None,N/A,N/A,WebP,60 KB,Protected route
Account,Wishlist,WishlistItem,Customer wishlist thumbnail,Supabase Storage: product-images/.../mr6kaj33-bm9a6zqh.webp,Supabase dynamic,Mobile 390x844,1,Code-defined / auth protected,64,64,64,64,1.0000,736,1308,0.5627,97862,cover,50% 50%,hidden,12px,,0.0870,64.00,113.74,49.74 vertical,Top and bottom,56.27%,43.73%,21.87% top + 21.87% bottom,512,512,1:1,15%-85%,15%-85%,None,N/A,N/A,WebP,60 KB,Protected route
Admin,Product drawer,Admin product UI,44x44 product preview,Supabase Storage: product-images/.../mr6kaj33-bm9a6zqh.webp,Supabase dynamic,Desktop 1440x900,1,Code-defined / auth protected,,,,,,736,1308,0.5627,97862,contain,50% 50%,hidden,,,,,,,,,,,1600,2000,4:5,15%-85%,10%-90%,None,N/A,N/A,WebP,300 KB,contain with 4px padding
Admin,Product drawer,Admin product UI,44x44 product preview,Supabase Storage: product-images/.../mr6kaj33-bm9a6zqh.webp,Supabase dynamic,Laptop 1280x800,1,Code-defined / auth protected,,,,,,736,1308,0.5627,97862,contain,50% 50%,hidden,,,,,,,,,,,1600,2000,4:5,15%-85%,10%-90%,None,N/A,N/A,WebP,300 KB,contain with 4px padding
Admin,Product drawer,Admin product UI,44x44 product preview,Supabase Storage: product-images/.../mr6kaj33-bm9a6zqh.webp,Supabase dynamic,Tablet 768x1024,1,Code-defined / auth protected,,,,,,736,1308,0.5627,97862,contain,50% 50%,hidden,,,,,,,,,,,1600,2000,4:5,15%-85%,10%-90%,None,N/A,N/A,WebP,300 KB,contain with 4px padding
Admin,Product drawer,Admin product UI,44x44 product preview,Supabase Storage: product-images/.../mr6kaj33-bm9a6zqh.webp,Supabase dynamic,Mobile 390x844,1,Code-defined / auth protected,,,,,,736,1308,0.5627,97862,contain,50% 50%,hidden,,,,,,,,,,,1600,2000,4:5,15%-85%,10%-90%,None,N/A,N/A,WebP,300 KB,contain with 4px padding
Admin,Gallery editor,Admin product UI,Square product preview,Supabase Storage: product-images/.../mr6kaj33-bm9a6zqh.webp,Supabase dynamic,Desktop 1440x900,1,Code-defined / auth protected,,,,,,736,1308,0.5627,97862,contain,50% 50%,hidden,,,,,,,,,,,1600,2000,4:5,15%-85%,10%-90%,None,N/A,N/A,WebP,300 KB,contain with 16px padding; sizes=220px
Admin,Gallery editor,Admin product UI,Square product preview,Supabase Storage: product-images/.../mr6kaj33-bm9a6zqh.webp,Supabase dynamic,Laptop 1280x800,1,Code-defined / auth protected,,,,,,736,1308,0.5627,97862,contain,50% 50%,hidden,,,,,,,,,,,1600,2000,4:5,15%-85%,10%-90%,None,N/A,N/A,WebP,300 KB,contain with 16px padding; sizes=220px
Admin,Gallery editor,Admin product UI,Square product preview,Supabase Storage: product-images/.../mr6kaj33-bm9a6zqh.webp,Supabase dynamic,Tablet 768x1024,1,Code-defined / auth protected,,,,,,736,1308,0.5627,97862,contain,50% 50%,hidden,,,,,,,,,,,1600,2000,4:5,15%-85%,10%-90%,None,N/A,N/A,WebP,300 KB,contain with 16px padding; sizes=220px
Admin,Gallery editor,Admin product UI,Square product preview,Supabase Storage: product-images/.../mr6kaj33-bm9a6zqh.webp,Supabase dynamic,Mobile 390x844,1,Code-defined / auth protected,,,,,,736,1308,0.5627,97862,contain,50% 50%,hidden,,,,,,,,,,,1600,2000,4:5,15%-85%,10%-90%,None,N/A,N/A,WebP,300 KB,contain with 16px padding; sizes=220px
Admin,Products grid,Admin product UI,Responsive square product preview,Supabase Storage: product-images/.../mr6kaj33-bm9a6zqh.webp,Supabase dynamic,Desktop 1440x900,1,Code-defined / auth protected,,,,,,736,1308,0.5627,97862,contain,50% 50%,hidden,,,,,,,,,,,1600,2000,4:5,15%-85%,10%-90%,None,N/A,N/A,WebP,300 KB,contain with 16px padding
Admin,Products grid,Admin product UI,Responsive square product preview,Supabase Storage: product-images/.../mr6kaj33-bm9a6zqh.webp,Supabase dynamic,Laptop 1280x800,1,Code-defined / auth protected,,,,,,736,1308,0.5627,97862,contain,50% 50%,hidden,,,,,,,,,,,1600,2000,4:5,15%-85%,10%-90%,None,N/A,N/A,WebP,300 KB,contain with 16px padding
Admin,Products grid,Admin product UI,Responsive square product preview,Supabase Storage: product-images/.../mr6kaj33-bm9a6zqh.webp,Supabase dynamic,Tablet 768x1024,1,Code-defined / auth protected,,,,,,736,1308,0.5627,97862,contain,50% 50%,hidden,,,,,,,,,,,1600,2000,4:5,15%-85%,10%-90%,None,N/A,N/A,WebP,300 KB,contain with 16px padding
Admin,Products grid,Admin product UI,Responsive square product preview,Supabase Storage: product-images/.../mr6kaj33-bm9a6zqh.webp,Supabase dynamic,Mobile 390x844,1,Code-defined / auth protected,,,,,,736,1308,0.5627,97862,contain,50% 50%,hidden,,,,,,,,,,,1600,2000,4:5,15%-85%,10%-90%,None,N/A,N/A,WebP,300 KB,contain with 16px padding
Admin,Product detail,Admin product UI,128x128 desktop / full-width x128 mobile header,Supabase Storage: product-images/.../mr6kaj33-bm9a6zqh.webp,Supabase dynamic,Desktop 1440x900,1,Code-defined / auth protected,,,,,,736,1308,0.5627,97862,cover,50% 50%,hidden,,,,,,,,,,,1600,2000,4:5,15%-85%,10%-90%,None,N/A,N/A,WebP,300 KB,cover
Admin,Product detail,Admin product UI,128x128 desktop / full-width x128 mobile header,Supabase Storage: product-images/.../mr6kaj33-bm9a6zqh.webp,Supabase dynamic,Laptop 1280x800,1,Code-defined / auth protected,,,,,,736,1308,0.5627,97862,cover,50% 50%,hidden,,,,,,,,,,,1600,2000,4:5,15%-85%,10%-90%,None,N/A,N/A,WebP,300 KB,cover
Admin,Product detail,Admin product UI,128x128 desktop / full-width x128 mobile header,Supabase Storage: product-images/.../mr6kaj33-bm9a6zqh.webp,Supabase dynamic,Tablet 768x1024,1,Code-defined / auth protected,,,,,,736,1308,0.5627,97862,cover,50% 50%,hidden,,,,,,,,,,,1600,2000,4:5,15%-85%,10%-90%,None,N/A,N/A,WebP,300 KB,cover
Admin,Product detail,Admin product UI,128x128 desktop / full-width x128 mobile header,Supabase Storage: product-images/.../mr6kaj33-bm9a6zqh.webp,Supabase dynamic,Mobile 390x844,1,Code-defined / auth protected,,,,,,736,1308,0.5627,97862,cover,50% 50%,hidden,,,,,,,,,,,1600,2000,4:5,15%-85%,10%-90%,None,N/A,N/A,WebP,300 KB,cover
Admin,Inventory,Admin product UI,56x56 product preview,Supabase Storage: product-images/.../mr6kaj33-bm9a6zqh.webp,Supabase dynamic,Desktop 1440x900,1,Code-defined / auth protected,,,,,,736,1308,0.5627,97862,contain,50% 50%,hidden,,,,,,,,,,,1600,2000,4:5,15%-85%,10%-90%,None,N/A,N/A,WebP,300 KB,contain with 6px padding
Admin,Inventory,Admin product UI,56x56 product preview,Supabase Storage: product-images/.../mr6kaj33-bm9a6zqh.webp,Supabase dynamic,Laptop 1280x800,1,Code-defined / auth protected,,,,,,736,1308,0.5627,97862,contain,50% 50%,hidden,,,,,,,,,,,1600,2000,4:5,15%-85%,10%-90%,None,N/A,N/A,WebP,300 KB,contain with 6px padding
Admin,Inventory,Admin product UI,56x56 product preview,Supabase Storage: product-images/.../mr6kaj33-bm9a6zqh.webp,Supabase dynamic,Tablet 768x1024,1,Code-defined / auth protected,,,,,,736,1308,0.5627,97862,contain,50% 50%,hidden,,,,,,,,,,,1600,2000,4:5,15%-85%,10%-90%,None,N/A,N/A,WebP,300 KB,contain with 6px padding
Admin,Inventory,Admin product UI,56x56 product preview,Supabase Storage: product-images/.../mr6kaj33-bm9a6zqh.webp,Supabase dynamic,Mobile 390x844,1,Code-defined / auth protected,,,,,,736,1308,0.5627,97862,contain,50% 50%,hidden,,,,,,,,,,,1600,2000,4:5,15%-85%,10%-90%,None,N/A,N/A,WebP,300 KB,contain with 6px padding
Admin,Best sellers,Admin product UI,40x40 product preview,Supabase Storage: product-images/.../mr6kaj33-bm9a6zqh.webp,Supabase dynamic,Desktop 1440x900,1,Code-defined / auth protected,,,,,,736,1308,0.5627,97862,contain,50% 50%,hidden,,,,,,,,,,,1600,2000,4:5,15%-85%,10%-90%,None,N/A,N/A,WebP,300 KB,contain with 4px padding
Admin,Best sellers,Admin product UI,40x40 product preview,Supabase Storage: product-images/.../mr6kaj33-bm9a6zqh.webp,Supabase dynamic,Laptop 1280x800,1,Code-defined / auth protected,,,,,,736,1308,0.5627,97862,contain,50% 50%,hidden,,,,,,,,,,,1600,2000,4:5,15%-85%,10%-90%,None,N/A,N/A,WebP,300 KB,contain with 4px padding
Admin,Best sellers,Admin product UI,40x40 product preview,Supabase Storage: product-images/.../mr6kaj33-bm9a6zqh.webp,Supabase dynamic,Tablet 768x1024,1,Code-defined / auth protected,,,,,,736,1308,0.5627,97862,contain,50% 50%,hidden,,,,,,,,,,,1600,2000,4:5,15%-85%,10%-90%,None,N/A,N/A,WebP,300 KB,contain with 4px padding
Admin,Best sellers,Admin product UI,40x40 product preview,Supabase Storage: product-images/.../mr6kaj33-bm9a6zqh.webp,Supabase dynamic,Mobile 390x844,1,Code-defined / auth protected,,,,,,736,1308,0.5627,97862,contain,50% 50%,hidden,,,,,,,,,,,1600,2000,4:5,15%-85%,10%-90%,None,N/A,N/A,WebP,300 KB,contain with 4px padding
Configuration,Mock data / Admin CMS,Configuration value,Dormant mock category config,/assets/categories/turkish.png,Local legacy,Desktop 1440x900,1,Code/config audit; not rendered,,,,,,1024,1536,0.6667,1878760,N/A,50% 50%,hidden,,,,,,,,,,,1600,2000,4:5,15%-85%,10%-90%,None,N/A,N/A,WebP,300 KB,Definition is currently not imported/rendered
Configuration,Mock data / Admin CMS,Configuration value,Dormant mock category config,/assets/categories/turkish.png,Local legacy,Laptop 1280x800,1,Code/config audit; not rendered,,,,,,1024,1536,0.6667,1878760,N/A,50% 50%,hidden,,,,,,,,,,,1600,2000,4:5,15%-85%,10%-90%,None,N/A,N/A,WebP,300 KB,Definition is currently not imported/rendered
Configuration,Mock data / Admin CMS,Configuration value,Dormant mock category config,/assets/categories/turkish.png,Local legacy,Tablet 768x1024,1,Code/config audit; not rendered,,,,,,1024,1536,0.6667,1878760,N/A,50% 50%,hidden,,,,,,,,,,,1600,2000,4:5,15%-85%,10%-90%,None,N/A,N/A,WebP,300 KB,Definition is currently not imported/rendered
Configuration,Mock data / Admin CMS,Configuration value,Dormant mock category config,/assets/categories/turkish.png,Local legacy,Mobile 390x844,1,Code/config audit; not rendered,,,,,,1024,1536,0.6667,1878760,N/A,50% 50%,hidden,,,,,,,,,,,1600,2000,4:5,15%-85%,10%-90%,None,N/A,N/A,WebP,300 KB,Definition is currently not imported/rendered
Configuration,Mock data / Admin CMS,Configuration value,Dormant mock category config,/assets/categories/espresso.png,Local legacy,Desktop 1440x900,1,Code/config audit; not rendered,,,,,,1024,1536,0.6667,2122431,N/A,50% 50%,hidden,,,,,,,,,,,1600,2000,4:5,15%-85%,10%-90%,None,N/A,N/A,WebP,300 KB,Definition is currently not imported/rendered
Configuration,Mock data / Admin CMS,Configuration value,Dormant mock category config,/assets/categories/espresso.png,Local legacy,Laptop 1280x800,1,Code/config audit; not rendered,,,,,,1024,1536,0.6667,2122431,N/A,50% 50%,hidden,,,,,,,,,,,1600,2000,4:5,15%-85%,10%-90%,None,N/A,N/A,WebP,300 KB,Definition is currently not imported/rendered
Configuration,Mock data / Admin CMS,Configuration value,Dormant mock category config,/assets/categories/espresso.png,Local legacy,Tablet 768x1024,1,Code/config audit; not rendered,,,,,,1024,1536,0.6667,2122431,N/A,50% 50%,hidden,,,,,,,,,,,1600,2000,4:5,15%-85%,10%-90%,None,N/A,N/A,WebP,300 KB,Definition is currently not imported/rendered
Configuration,Mock data / Admin CMS,Configuration value,Dormant mock category config,/assets/categories/espresso.png,Local legacy,Mobile 390x844,1,Code/config audit; not rendered,,,,,,1024,1536,0.6667,2122431,N/A,50% 50%,hidden,,,,,,,,,,,1600,2000,4:5,15%-85%,10%-90%,None,N/A,N/A,WebP,300 KB,Definition is currently not imported/rendered
Configuration,Mock data / Admin CMS,Configuration value,Dormant mock category config,/assets/categories/flavor.png,Local legacy,Desktop 1440x900,1,Code/config audit; not rendered,,,,,,1024,1536,0.6667,1757726,N/A,50% 50%,hidden,,,,,,,,,,,1600,2000,4:5,15%-85%,10%-90%,None,N/A,N/A,WebP,300 KB,Definition is currently not imported/rendered
Configuration,Mock data / Admin CMS,Configuration value,Dormant mock category config,/assets/categories/flavor.png,Local legacy,Laptop 1280x800,1,Code/config audit; not rendered,,,,,,1024,1536,0.6667,1757726,N/A,50% 50%,hidden,,,,,,,,,,,1600,2000,4:5,15%-85%,10%-90%,None,N/A,N/A,WebP,300 KB,Definition is currently not imported/rendered
Configuration,Mock data / Admin CMS,Configuration value,Dormant mock category config,/assets/categories/flavor.png,Local legacy,Tablet 768x1024,1,Code/config audit; not rendered,,,,,,1024,1536,0.6667,1757726,N/A,50% 50%,hidden,,,,,,,,,,,1600,2000,4:5,15%-85%,10%-90%,None,N/A,N/A,WebP,300 KB,Definition is currently not imported/rendered
Configuration,Mock data / Admin CMS,Configuration value,Dormant mock category config,/assets/categories/flavor.png,Local legacy,Mobile 390x844,1,Code/config audit; not rendered,,,,,,1024,1536,0.6667,1757726,N/A,50% 50%,hidden,,,,,,,,,,,1600,2000,4:5,15%-85%,10%-90%,None,N/A,N/A,WebP,300 KB,Definition is currently not imported/rendered
Configuration,Mock data / Admin CMS,Configuration value,Dormant mock category config,/assets/categories/cappuccino.png,Local legacy,Desktop 1440x900,1,Code/config audit; not rendered,,,,,,1024,1536,0.6667,1937689,N/A,50% 50%,hidden,,,,,,,,,,,1600,2000,4:5,15%-85%,10%-90%,None,N/A,N/A,WebP,300 KB,Definition is currently not imported/rendered
Configuration,Mock data / Admin CMS,Configuration value,Dormant mock category config,/assets/categories/cappuccino.png,Local legacy,Laptop 1280x800,1,Code/config audit; not rendered,,,,,,1024,1536,0.6667,1937689,N/A,50% 50%,hidden,,,,,,,,,,,1600,2000,4:5,15%-85%,10%-90%,None,N/A,N/A,WebP,300 KB,Definition is currently not imported/rendered
Configuration,Mock data / Admin CMS,Configuration value,Dormant mock category config,/assets/categories/cappuccino.png,Local legacy,Tablet 768x1024,1,Code/config audit; not rendered,,,,,,1024,1536,0.6667,1937689,N/A,50% 50%,hidden,,,,,,,,,,,1600,2000,4:5,15%-85%,10%-90%,None,N/A,N/A,WebP,300 KB,Definition is currently not imported/rendered
Configuration,Mock data / Admin CMS,Configuration value,Dormant mock category config,/assets/categories/cappuccino.png,Local legacy,Mobile 390x844,1,Code/config audit; not rendered,,,,,,1024,1536,0.6667,1937689,N/A,50% 50%,hidden,,,,,,,,,,,1600,2000,4:5,15%-85%,10%-90%,None,N/A,N/A,WebP,300 KB,Definition is currently not imported/rendered
Configuration,Mock data / Admin CMS,Configuration value,Dormant mock product config,/assets/products/classic-pouch.png,Local legacy,Desktop 1440x900,1,Code/config audit; not rendered,,,,,,1024,1536,0.6667,2173874,N/A,50% 50%,hidden,,,,,,,,,,,1600,2000,4:5,15%-85%,10%-90%,None,N/A,N/A,WebP,300 KB,Definition is currently not imported/rendered
Configuration,Mock data / Admin CMS,Configuration value,Dormant mock product config,/assets/products/classic-pouch.png,Local legacy,Laptop 1280x800,1,Code/config audit; not rendered,,,,,,1024,1536,0.6667,2173874,N/A,50% 50%,hidden,,,,,,,,,,,1600,2000,4:5,15%-85%,10%-90%,None,N/A,N/A,WebP,300 KB,Definition is currently not imported/rendered
Configuration,Mock data / Admin CMS,Configuration value,Dormant mock product config,/assets/products/classic-pouch.png,Local legacy,Tablet 768x1024,1,Code/config audit; not rendered,,,,,,1024,1536,0.6667,2173874,N/A,50% 50%,hidden,,,,,,,,,,,1600,2000,4:5,15%-85%,10%-90%,None,N/A,N/A,WebP,300 KB,Definition is currently not imported/rendered
Configuration,Mock data / Admin CMS,Configuration value,Dormant mock product config,/assets/products/classic-pouch.png,Local legacy,Mobile 390x844,1,Code/config audit; not rendered,,,,,,1024,1536,0.6667,2173874,N/A,50% 50%,hidden,,,,,,,,,,,1600,2000,4:5,15%-85%,10%-90%,None,N/A,N/A,WebP,300 KB,Definition is currently not imported/rendered
Configuration,Mock data / Admin CMS,Configuration value,Dormant mock product config,/assets/products/espresso-pouch.png,Local legacy,Desktop 1440x900,1,Code/config audit; not rendered,,,,,,1086,1448,0.7500,2000481,N/A,50% 50%,hidden,,,,,,,,,,,1600,2000,4:5,15%-85%,10%-90%,None,N/A,N/A,WebP,300 KB,Definition is currently not imported/rendered
Configuration,Mock data / Admin CMS,Configuration value,Dormant mock product config,/assets/products/espresso-pouch.png,Local legacy,Laptop 1280x800,1,Code/config audit; not rendered,,,,,,1086,1448,0.7500,2000481,N/A,50% 50%,hidden,,,,,,,,,,,1600,2000,4:5,15%-85%,10%-90%,None,N/A,N/A,WebP,300 KB,Definition is currently not imported/rendered
Configuration,Mock data / Admin CMS,Configuration value,Dormant mock product config,/assets/products/espresso-pouch.png,Local legacy,Tablet 768x1024,1,Code/config audit; not rendered,,,,,,1086,1448,0.7500,2000481,N/A,50% 50%,hidden,,,,,,,,,,,1600,2000,4:5,15%-85%,10%-90%,None,N/A,N/A,WebP,300 KB,Definition is currently not imported/rendered
Configuration,Mock data / Admin CMS,Configuration value,Dormant mock product config,/assets/products/espresso-pouch.png,Local legacy,Mobile 390x844,1,Code/config audit; not rendered,,,,,,1086,1448,0.7500,2000481,N/A,50% 50%,hidden,,,,,,,,,,,1600,2000,4:5,15%-85%,10%-90%,None,N/A,N/A,WebP,300 KB,Definition is currently not imported/rendered
Configuration,Mock data / Admin CMS,Configuration value,Dormant mock product config,/assets/products/flavor-pouch.png,Local legacy,Desktop 1440x900,1,Code/config audit; not rendered,,,,,,1122,1402,0.8003,1851762,N/A,50% 50%,hidden,,,,,,,,,,,1600,2000,4:5,15%-85%,10%-90%,None,N/A,N/A,WebP,300 KB,Definition is currently not imported/rendered
Configuration,Mock data / Admin CMS,Configuration value,Dormant mock product config,/assets/products/flavor-pouch.png,Local legacy,Laptop 1280x800,1,Code/config audit; not rendered,,,,,,1122,1402,0.8003,1851762,N/A,50% 50%,hidden,,,,,,,,,,,1600,2000,4:5,15%-85%,10%-90%,None,N/A,N/A,WebP,300 KB,Definition is currently not imported/rendered
Configuration,Mock data / Admin CMS,Configuration value,Dormant mock product config,/assets/products/flavor-pouch.png,Local legacy,Tablet 768x1024,1,Code/config audit; not rendered,,,,,,1122,1402,0.8003,1851762,N/A,50% 50%,hidden,,,,,,,,,,,1600,2000,4:5,15%-85%,10%-90%,None,N/A,N/A,WebP,300 KB,Definition is currently not imported/rendered
Configuration,Mock data / Admin CMS,Configuration value,Dormant mock product config,/assets/products/flavor-pouch.png,Local legacy,Mobile 390x844,1,Code/config audit; not rendered,,,,,,1122,1402,0.8003,1851762,N/A,50% 50%,hidden,,,,,,,,,,,1600,2000,4:5,15%-85%,10%-90%,None,N/A,N/A,WebP,300 KB,Definition is currently not imported/rendered
Configuration,Mock data / Admin CMS,Configuration value,Dormant mock product config,/assets/products/cappuccino-sachets.png,Local legacy,Desktop 1440x900,1,Code/config audit; not rendered,,,,,,1122,1402,0.8003,1999822,N/A,50% 50%,hidden,,,,,,,,,,,1600,2000,4:5,15%-85%,10%-90%,None,N/A,N/A,WebP,300 KB,Definition is currently not imported/rendered
Configuration,Mock data / Admin CMS,Configuration value,Dormant mock product config,/assets/products/cappuccino-sachets.png,Local legacy,Laptop 1280x800,1,Code/config audit; not rendered,,,,,,1122,1402,0.8003,1999822,N/A,50% 50%,hidden,,,,,,,,,,,1600,2000,4:5,15%-85%,10%-90%,None,N/A,N/A,WebP,300 KB,Definition is currently not imported/rendered
Configuration,Mock data / Admin CMS,Configuration value,Dormant mock product config,/assets/products/cappuccino-sachets.png,Local legacy,Tablet 768x1024,1,Code/config audit; not rendered,,,,,,1122,1402,0.8003,1999822,N/A,50% 50%,hidden,,,,,,,,,,,1600,2000,4:5,15%-85%,10%-90%,None,N/A,N/A,WebP,300 KB,Definition is currently not imported/rendered
Configuration,Mock data / Admin CMS,Configuration value,Dormant mock product config,/assets/products/cappuccino-sachets.png,Local legacy,Mobile 390x844,1,Code/config audit; not rendered,,,,,,1122,1402,0.8003,1999822,N/A,50% 50%,hidden,,,,,,,,,,,1600,2000,4:5,15%-85%,10%-90%,None,N/A,N/A,WebP,300 KB,Definition is currently not imported/rendered
Configuration,Mock data / Admin CMS,Configuration value,Dormant Admin CMS option - missing file,/assets/story/dark-roast.png,Local missing,Desktop 1440x900,1,Code/config audit; not rendered,,,,,,,,,,N/A,50% 50%,hidden,,,,,,,,,,,1600,2000,4:5,15%-85%,10%-90%,None,N/A,N/A,WebP,300 KB,File does not exist and would 404 if selected
Configuration,Mock data / Admin CMS,Configuration value,Dormant Admin CMS option - missing file,/assets/story/dark-roast.png,Local missing,Laptop 1280x800,1,Code/config audit; not rendered,,,,,,,,,,N/A,50% 50%,hidden,,,,,,,,,,,1600,2000,4:5,15%-85%,10%-90%,None,N/A,N/A,WebP,300 KB,File does not exist and would 404 if selected
Configuration,Mock data / Admin CMS,Configuration value,Dormant Admin CMS option - missing file,/assets/story/dark-roast.png,Local missing,Tablet 768x1024,1,Code/config audit; not rendered,,,,,,,,,,N/A,50% 50%,hidden,,,,,,,,,,,1600,2000,4:5,15%-85%,10%-90%,None,N/A,N/A,WebP,300 KB,File does not exist and would 404 if selected
Configuration,Mock data / Admin CMS,Configuration value,Dormant Admin CMS option - missing file,/assets/story/dark-roast.png,Local missing,Mobile 390x844,1,Code/config audit; not rendered,,,,,,,,,,N/A,50% 50%,hidden,,,,,,,,,,,1600,2000,4:5,15%-85%,10%-90%,None,N/A,N/A,WebP,300 KB,File does not exist and would 404 if selected
Configuration,Mock data / Admin CMS,Configuration value,Dormant Admin CMS option - missing file,/assets/story/portrait-roastery.png,Local missing,Desktop 1440x900,1,Code/config audit; not rendered,,,,,,,,,,N/A,50% 50%,hidden,,,,,,,,,,,1600,2000,4:5,15%-85%,10%-90%,None,N/A,N/A,WebP,300 KB,File does not exist and would 404 if selected
Configuration,Mock data / Admin CMS,Configuration value,Dormant Admin CMS option - missing file,/assets/story/portrait-roastery.png,Local missing,Laptop 1280x800,1,Code/config audit; not rendered,,,,,,,,,,N/A,50% 50%,hidden,,,,,,,,,,,1600,2000,4:5,15%-85%,10%-90%,None,N/A,N/A,WebP,300 KB,File does not exist and would 404 if selected
Configuration,Mock data / Admin CMS,Configuration value,Dormant Admin CMS option - missing file,/assets/story/portrait-roastery.png,Local missing,Tablet 768x1024,1,Code/config audit; not rendered,,,,,,,,,,N/A,50% 50%,hidden,,,,,,,,,,,1600,2000,4:5,15%-85%,10%-90%,None,N/A,N/A,WebP,300 KB,File does not exist and would 404 if selected
Configuration,Mock data / Admin CMS,Configuration value,Dormant Admin CMS option - missing file,/assets/story/portrait-roastery.png,Local missing,Mobile 390x844,1,Code/config audit; not rendered,,,,,,,,,,N/A,50% 50%,hidden,,,,,,,,,,,1600,2000,4:5,15%-85%,10%-90%,None,N/A,N/A,WebP,300 KB,File does not exist and would 404 if selected
Home,Best Sellers,ProductCard,High Mood fallback in carousel,/site-images/products/categories/turkish-blends/fallback.png,Fallback,Desktop 1440x900,1,Browser measured on production build,261.9943,312.731,260.0095,162.5059,1.6000,1024,1536,0.6667,1878760,cover,50% 50%,hidden,20px,Section background opacity 0.16,0.2539,260.01,390.01,227.51 vertical,Top and bottom,41.67%,58.33%,29.17% top + 29.17% bottom,1600,2000,4:5,15%-85%,10%-90%,None,N/A,N/A,WebP,300 KB,"28 repeated carousel links were present; first visible geometry measured. Text height: 148.23, 148.20, 148.17, 134.66 CSS px."
Home,Best Sellers,ProductCard,High Mood fallback in carousel,/site-images/products/categories/turkish-blends/fallback.png,Fallback,Laptop 1280x800,1,Browser measured on production build,261.9521,312.6804,259.9677,162.4797,1.6000,1024,1536,0.6667,1878760,cover,50% 50%,hidden,20px,Section background opacity 0.16,0.2539,259.97,389.95,227.47 vertical,Top and bottom,41.67%,58.33%,29.17% top + 29.17% bottom,1600,2000,4:5,15%-85%,10%-90%,None,N/A,N/A,WebP,300 KB,"28 repeated carousel links were present; first visible geometry measured. Text height: 148.23, 148.20, 148.17, 134.66 CSS px."
Home,Best Sellers,ProductCard,High Mood fallback in carousel,/site-images/products/categories/turkish-blends/fallback.png,Fallback,Tablet 768x1024,1,Browser measured on production build,246.0325,340.6509,244.0483,190.4766,1.2813,1024,1536,0.6667,1878760,cover,50% 50%,hidden,20px,Section background opacity 0.16,0.2383,244.05,366.07,175.60 vertical,Top and bottom,52.03%,47.97%,23.98% top + 23.98% bottom,1600,2000,4:5,15%-85%,10%-90%,None,N/A,N/A,WebP,300 KB,"28 repeated carousel links were present; first visible geometry measured. Text height: 148.23, 148.20, 148.17, 134.66 CSS px."
Home,Best Sellers,ProductCard,High Mood fallback in carousel,/site-images/products/categories/turkish-blends/fallback.png,Fallback,Mobile 390x844,1,Browser measured on production build,226.1983,311.2708,224.2141,174.6094,1.2841,1024,1536,0.6667,1878760,cover,50% 50%,hidden,20px,Section background opacity 0.16,0.2190,224.21,336.32,161.71 vertical,Top and bottom,51.92%,48.08%,24.04% top + 24.04% bottom,1600,2000,4:5,15%-85%,10%-90%,None,N/A,N/A,WebP,300 KB,"28 repeated carousel links were present; first visible geometry measured. Text height: 148.23, 148.20, 148.17, 134.66 CSS px."
Home,Best Sellers,ProductCard,Cairo Nights primary image in carousel,Supabase Storage: product-images/.../mr6kaj33-bm9a6zqh.webp,Supabase dynamic,Desktop 1440x900,1,Browser measured on production build,261.9943,312.731,260.0095,162.5059,1.6000,736,1308,0.5627,97862,contain,50% 50%,hidden,20px,Section background opacity 0.16,N/A,260.01,162.51,0,None,100.00%,0.00%,0%,1600,2000,4:5,15%-85%,10%-90%,None,N/A,N/A,WebP,300 KB,Same card geometry; uploaded image is fully visible with internal padding.
Home,Best Sellers,ProductCard,Cairo Nights primary image in carousel,Supabase Storage: product-images/.../mr6kaj33-bm9a6zqh.webp,Supabase dynamic,Laptop 1280x800,1,Browser measured on production build,261.9521,312.6804,259.9677,162.4797,1.6000,736,1308,0.5627,97862,contain,50% 50%,hidden,20px,Section background opacity 0.16,N/A,259.97,162.48,0,None,100.00%,0.00%,0%,1600,2000,4:5,15%-85%,10%-90%,None,N/A,N/A,WebP,300 KB,Same card geometry; uploaded image is fully visible with internal padding.
Home,Best Sellers,ProductCard,Cairo Nights primary image in carousel,Supabase Storage: product-images/.../mr6kaj33-bm9a6zqh.webp,Supabase dynamic,Tablet 768x1024,1,Browser measured on production build,246.0325,340.6509,244.0483,190.4766,1.2813,736,1308,0.5627,97862,contain,50% 50%,hidden,20px,Section background opacity 0.16,N/A,244.05,190.48,0,None,100.00%,0.00%,0%,1600,2000,4:5,15%-85%,10%-90%,None,N/A,N/A,WebP,300 KB,Same card geometry; uploaded image is fully visible with internal padding.
Home,Best Sellers,ProductCard,Cairo Nights primary image in carousel,Supabase Storage: product-images/.../mr6kaj33-bm9a6zqh.webp,Supabase dynamic,Mobile 390x844,1,Browser measured on production build,226.1983,311.2708,224.2141,174.6094,1.2841,736,1308,0.5627,97862,contain,50% 50%,hidden,20px,Section background opacity 0.16,N/A,224.21,174.61,0,None,100.00%,0.00%,0%,1600,2000,4:5,15%-85%,10%-90%,None,N/A,N/A,WebP,300 KB,Same card geometry; uploaded image is fully visible with internal padding.
